datetime,temperature,city
2023-01-01,2.3,Moscow
2023-01-02,-1.2,Moscow
2023-01-03,-1.7,Moscow
2023-01-04,-3.3,Moscow
2023-01-05,-7.3,Moscow
2023-01-06,-23.1,Moscow
2023-01-07,-25.7,Moscow
2023-01-08,-19.3,Moscow
2023-01-09,-20.0,Moscow
2023-01-10,-16.0,Moscow
2023-01-11,-12.1,Moscow
2023-01-12,-8.8,Moscow
2023-01-13,-6.1,Moscow
2023-01-14,-3.0,Moscow
2023-01-15,-3.2,Moscow
2023-01-16,-4.4,Moscow
2023-01-17,-1.4,Moscow
2023-01-18,0.2,Moscow
2023-01-19,1.6,Moscow
2023-01-20,2.3,Moscow
2023-01-21,-3.3,Moscow
2023-01-22,-4.9,Moscow
2023-01-23,-4.7,Moscow
2023-01-24,-3.2,Moscow
2023-01-25,-3.8,Moscow
2023-01-26,-2.7,Moscow
2023-01-27,-3.1,Moscow
2023-01-28,-3.6,Moscow
2023-01-29,-3.8,Moscow
2023-01-30,-2.9,Moscow
2023-01-31,-1.4,Moscow
2023-02-01,-0.9,Moscow
2023-02-02,-2.6,Moscow
2023-02-03,-1.3,Moscow
2023-02-04,-1.9,Moscow
2023-02-05,-3.6,Moscow
2023-02-06,-6.5,Moscow
2023-02-07,-10.1,Moscow
2023-02-08,-8.3,Moscow
2023-02-09,-2.5,Moscow
2023-02-10,-3.6,Moscow
2023-02-11,-3.7,Moscow
2023-02-12,-4.8,Moscow
2023-02-13,-4.7,Moscow
2023-02-14,-0.5,Moscow
2023-02-15,-3.6,Moscow
2023-02-16,-6.0,Moscow
2023-02-17,-9.1,Moscow
2023-02-18,-7.8,Moscow
2023-02-19,-7.4,Moscow
2023-02-20,-8.1,Moscow
2023-02-21,-14.0,Moscow
2023-02-22,-15.7,Moscow
2023-02-23,-12.9,Moscow
2023-02-24,-7.3,Moscow
2023-02-25,-0.6,Moscow
2023-02-26,-0.0,Moscow
2023-02-27,-4.8,Moscow
2023-02-28,-5.9,Moscow
2023-03-01,-5.9,Moscow
2023-03-02,-4.9,Moscow
2023-03-03,-1.4,Moscow
2023-03-04,-3.5,Moscow
2023-03-05,-3.3,Moscow
2023-03-06,-4.6,Moscow
2023-03-07,-5.3,Moscow
2023-03-08,-5.9,Moscow
2023-03-09,-3.9,Moscow
2023-03-10,-6.9,Moscow
2023-03-11,-5.7,Moscow
2023-03-12,1.4,Moscow
2023-03-13,-4.9,Moscow
2023-03-14,-0.2,Moscow
2023-03-15,2.7,Moscow
2023-03-16,1.2,Moscow
2023-03-17,-0.9,Moscow
2023-03-18,-4.7,Moscow
2023-03-19,-5.5,Moscow
2023-03-20,-3.4,Moscow
2023-03-21,1.1,Moscow
2023-03-22,1.9,Moscow
2023-03-23,3.9,Moscow
2023-03-24,4.8,Moscow
2023-03-25,4.5,Moscow
2023-03-26,3.8,Moscow
2023-03-27,4.5,Moscow
2023-03-28,4.1,Moscow
2023-03-29,5.7,Moscow
2023-03-30,3.5,Moscow
2023-03-31,1.1,Moscow
2023-04-01,3.8,Moscow
2023-04-02,6.5,Moscow
2023-04-03,8.0,Moscow
2023-04-04,8.3,Moscow
2023-04-05,7.4,Moscow
2023-04-06,7.0,Moscow
2023-04-07,4.9,Moscow
2023-04-08,5.3,Moscow
2023-04-09,7.0,Moscow
2023-04-10,6.9,Moscow
2023-04-11,8.6,Moscow
2023-04-12,9.4,Moscow
2023-04-13,9.8,Moscow
2023-04-14,3.9,Moscow
2023-04-15,3.0,Moscow
2023-04-16,5.6,Moscow
2023-04-17,7.5,Moscow
2023-04-18,9.7,Moscow
2023-04-19,10.0,Moscow
2023-04-20,9.5,Moscow
2023-04-21,9.5,Moscow
2023-04-22,9.6,Moscow
2023-04-23,11.2,Moscow
2023-04-24,13.1,Moscow
2023-04-25,12.4,Moscow
2023-04-26,11.3,Moscow
2023-04-27,13.1,Moscow
2023-04-28,11.0,Moscow
2023-04-29,6.9,Moscow
2023-04-30,7.1,Moscow
2023-05-01,6.6,Moscow
2023-05-02,7.7,Moscow
2023-05-03,10.1,Moscow
2023-05-04,8.6,Moscow
2023-05-05,5.3,Moscow
2023-05-06,2.6,Moscow
2023-05-07,3.1,Moscow
2023-05-08,5.1,Moscow
2023-05-09,7.5,Moscow
2023-05-10,10.4,Moscow
2023-05-11,12.4,Moscow
2023-05-12,13.9,Moscow
2023-05-13,15.6,Moscow
2023-05-14,12.9,Moscow
2023-05-15,12.7,Moscow
2023-05-16,14.3,Moscow
2023-05-17,16.4,Moscow
2023-05-18,18.1,Moscow
2023-05-19,14.1,Moscow
2023-05-20,11.2,Moscow
2023-05-21,12.4,Moscow
2023-05-22,13.9,Moscow
2023-05-23,15.5,Moscow
2023-05-24,17.2,Moscow
2023-05-25,17.1,Moscow
2023-05-26,18.4,Moscow
2023-05-27,16.8,Moscow
2023-05-28,12.4,Moscow
2023-05-29,14.5,Moscow
2023-05-30,16.0,Moscow
2023-05-31,11.4,Moscow
2023-06-01,14.7,Moscow
2023-06-02,15.9,Moscow
2023-06-03,9.4,Moscow
2023-06-04,10.0,Moscow
2023-06-05,12.4,Moscow
2023-06-06,14.3,Moscow
2023-06-07,16.8,Moscow
2023-06-08,17.4,Moscow
2023-06-09,17.6,Moscow
2023-06-10,12.8,Moscow
2023-06-11,12.1,Moscow
2023-06-12,14.1,Moscow
2023-06-13,15.7,Moscow
2023-06-14,17.5,Moscow
2023-06-15,19.7,Moscow
2023-06-16,21.4,Moscow
2023-06-17,21.3,Moscow
2023-06-18,19.1,Moscow
2023-06-19,17.2,Moscow
2023-06-20,18.3,Moscow
2023-06-21,16.5,Moscow
2023-06-22,18.6,Moscow
2023-06-23,17.3,Moscow
2023-06-24,16.5,Moscow
2023-06-25,17.9,Moscow
2023-06-26,19.3,Moscow
2023-06-27,18.2,Moscow
2023-06-28,17.2,Moscow
2023-06-29,17.0,Moscow
2023-06-30,15.6,Moscow
2023-07-01,19.0,Moscow
2023-07-02,19.1,Moscow
2023-07-03,19.3,Moscow
2023-07-04,19.3,Moscow
2023-07-05,20.4,Moscow
2023-07-06,22.2,Moscow
2023-07-07,22.7,Moscow
2023-07-08,19.9,Moscow
2023-07-09,19.3,Moscow
2023-07-10,16.7,Moscow
2023-07-11,14.6,Moscow
2023-07-12,13.7,Moscow
2023-07-13,13.7,Moscow
2023-07-14,15.5,Moscow
2023-07-15,15.8,Moscow
2023-07-16,17.7,Moscow
2023-07-17,20.7,Moscow
2023-07-18,21.0,Moscow
2023-07-19,16.4,Moscow
2023-07-20,16.9,Moscow
2023-07-21,16.6,Moscow
2023-07-22,17.6,Moscow
2023-07-23,17.1,Moscow
2023-07-24,15.7,Moscow
2023-07-25,18.2,Moscow
2023-07-26,20.2,Moscow
2023-07-27,20.1,Moscow
2023-07-28,20.7,Moscow
2023-07-29,15.8,Moscow
2023-07-30,17.6,Moscow
2023-07-31,18.8,Moscow
2023-08-01,20.1,Moscow
2023-08-02,20.3,Moscow
2023-08-03,22.6,Moscow
2023-08-04,23.1,Moscow
2023-08-05,22.8,Moscow
2023-08-06,24.4,Moscow
2023-08-07,24.6,Moscow
2023-08-08,22.8,Moscow
2023-08-09,20.9,Moscow
2023-08-10,19.8,Moscow
2023-08-11,21.1,Moscow
2023-08-12,21.4,Moscow
2023-08-13,18.8,Moscow
2023-08-14,19.2,Moscow
2023-08-15,20.2,Moscow
2023-08-16,20.1,Moscow
2023-08-17,20.9,Moscow
2023-08-18,21.6,Moscow
2023-08-19,21.7,Moscow
2023-08-20,20.7,Moscow
2023-08-21,17.1,Moscow
2023-08-22,16.1,Moscow
2023-08-23,15.6,Moscow
2023-08-24,14.7,Moscow
2023-08-25,14.4,Moscow
2023-08-26,14.6,Moscow
2023-08-27,15.4,Moscow
2023-08-28,15.6,Moscow
2023-08-29,13.8,Moscow
2023-08-30,15.9,Moscow
2023-08-31,18.2,Moscow
2023-09-01,20.2,Moscow
2023-09-02,17.2,Moscow
2023-09-03,16.9,Moscow
2023-09-04,16.2,Moscow
2023-09-05,16.1,Moscow
2023-09-06,16.1,Moscow
2023-09-07,12.3,Moscow
2023-09-08,11.6,Moscow
2023-09-09,11.8,Moscow
2023-09-10,13.3,Moscow
2023-09-11,12.8,Moscow
2023-09-12,12.7,Moscow
2023-09-13,13.3,Moscow
2023-09-14,13.7,Moscow
2023-09-15,14.4,Moscow
2023-09-16,12.3,Moscow
2023-09-17,11.2,Moscow
2023-09-18,12.7,Moscow
2023-09-19,13.7,Moscow
2023-09-20,17.6,Moscow
2023-09-21,16.9,Moscow
2023-09-22,17.3,Moscow
2023-09-23,17.6,Moscow
2023-09-24,18.3,Moscow
2023-09-25,15.5,Moscow
2023-09-26,11.5,Moscow
2023-09-27,12.2,Moscow
2023-09-28,14.1,Moscow
2023-09-29,15.7,Moscow
2023-09-30,16.0,Moscow
2023-10-01,13.7,Moscow
2023-10-02,10.3,Moscow
2023-10-03,11.0,Moscow
2023-10-04,13.6,Moscow
2023-10-05,10.9,Moscow
2023-10-06,9.0,Moscow
2023-10-07,4.8,Moscow
2023-10-08,3.8,Moscow
2023-10-09,3.1,Moscow
2023-10-10,2.5,Moscow
2023-10-11,3.5,Moscow
2023-10-12,9.3,Moscow
2023-10-13,8.8,Moscow
2023-10-14,9.4,Moscow
2023-10-15,11.2,Moscow
2023-10-16,6.7,Moscow
2023-10-17,3.6,Moscow
2023-10-18,4.1,Moscow
2023-10-19,4.7,Moscow
2023-10-20,4.0,Moscow
2023-10-21,1.7,Moscow
2023-10-22,1.2,Moscow
2023-10-23,3.9,Moscow
2023-10-24,1.0,Moscow
2023-10-25,-1.5,Moscow
2023-10-26,-1.8,Moscow
2023-10-27,-1.6,Moscow
2023-10-28,-0.7,Moscow
2023-10-29,-0.3,Moscow
2023-10-30,0.6,Moscow
2023-10-31,7.0,Moscow
2023-11-01,11.3,Moscow
2023-11-02,7.3,Moscow
2023-11-03,1.0,Moscow
2023-11-04,2.2,Moscow
2023-11-05,9.2,Moscow
2023-11-06,9.2,Moscow
2023-11-07,7.9,Moscow
2023-11-08,6.0,Moscow
2023-11-09,3.6,Moscow
2023-11-10,4.5,Moscow
2023-11-11,3.7,Moscow
2023-11-12,4.0,Moscow
2023-11-13,4.1,Moscow
2023-11-14,3.0,Moscow
2023-11-15,1.6,Moscow
2023-11-16,0.2,Moscow
2023-11-17,-4.0,Moscow
2023-11-18,-7.1,Moscow
2023-11-19,-6.6,Moscow
2023-11-20,-6.9,Moscow
2023-11-21,-8.1,Moscow
2023-11-22,-7.6,Moscow
2023-11-23,-7.6,Moscow
2023-11-24,-6.6,Moscow
2023-11-25,-6.6,Moscow
2023-11-26,-5.8,Moscow
2023-11-27,-1.0,Moscow
2023-11-28,-5.3,Moscow
2023-11-29,-9.0,Moscow
2023-11-30,-2.8,Moscow
2023-12-01,-5.3,Moscow
2023-12-02,-6.5,Moscow
2023-12-03,-6.0,Moscow
2023-12-04,-7.5,Moscow
2023-12-05,-12.4,Moscow
2023-12-06,-14.7,Moscow
2023-12-07,-12.6,Moscow
2023-12-08,-14.3,Moscow
2023-12-09,-14.7,Moscow
2023-12-10,-11.7,Moscow
2023-12-11,-8.0,Moscow
2023-12-12,-6.9,Moscow
2023-12-13,-11.1,Moscow
2023-12-14,-11.0,Moscow
2023-12-15,-8.7,Moscow
2023-12-16,-7.4,Moscow
2023-12-17,-2.3,Moscow
2023-12-18,-1.7,Moscow
2023-12-19,1.8,Moscow
2023-12-20,1.8,Moscow
2023-12-21,0.3,Moscow
2023-12-22,-1.0,Moscow
2023-12-23,0.6,Moscow
2023-12-24,-3.8,Moscow
2023-12-25,-4.7,Moscow
2023-12-26,-1.9,Moscow
2023-12-27,-4.2,Moscow
2023-12-28,-4.2,Moscow
2023-12-29,-2.3,Moscow
2023-12-30,1.3,Moscow
2023-12-31,-2.9,Moscow
2023-01-01,1.0,Saint_Petersburg
2023-01-02,-2.5,Saint_Petersburg
2023-01-03,-4.4,Saint_Petersburg
2023-01-04,-4.9,Saint_Petersburg
2023-01-05,-11.6,Saint_Petersburg
2023-01-06,-12.3,Saint_Petersburg
2023-01-07,-12.9,Saint_Petersburg
2023-01-08,-18.2,Saint_Petersburg
2023-01-09,-10.4,Saint_Petersburg
2023-01-10,-6.4,Saint_Petersburg
2023-01-11,-2.4,Saint_Petersburg
2023-01-12,-3.6,Saint_Petersburg
2023-01-13,0.9,Saint_Petersburg
2023-01-14,1.5,Saint_Petersburg
2023-01-15,1.8,Saint_Petersburg
2023-01-16,1.5,Saint_Petersburg
2023-01-17,0.3,Saint_Petersburg
2023-01-18,1.2,Saint_Petersburg
2023-01-19,1.5,Saint_Petersburg
2023-01-20,-0.5,Saint_Petersburg
2023-01-21,-3.3,Saint_Petersburg
2023-01-22,-4.0,Saint_Petersburg
2023-01-23,-5.7,Saint_Petersburg
2023-01-24,-3.1,Saint_Petersburg
2023-01-25,0.5,Saint_Petersburg
2023-01-26,1.3,Saint_Petersburg
2023-01-27,-4.0,Saint_Petersburg
2023-01-28,-4.9,Saint_Petersburg
2023-01-29,-1.1,Saint_Petersburg
2023-01-30,0.9,Saint_Petersburg
2023-01-31,-0.3,Saint_Petersburg
2023-02-01,-1.1,Saint_Petersburg
2023-02-02,-1.1,Saint_Petersburg
2023-02-03,-3.3,Saint_Petersburg
2023-02-04,-3.9,Saint_Petersburg
2023-02-05,-7.4,Saint_Petersburg
2023-02-06,-2.3,Saint_Petersburg
2023-02-07,-3.3,Saint_Petersburg
2023-02-08,-0.6,Saint_Petersburg
2023-02-09,-0.6,Saint_Petersburg
2023-02-10,-1.6,Saint_Petersburg
2023-02-11,-4.3,Saint_Petersburg
2023-02-12,-5.1,Saint_Petersburg
2023-02-13,1.0,Saint_Petersburg
2023-02-14,-1.3,Saint_Petersburg
2023-02-15,-1.1,Saint_Petersburg
2023-02-16,-1.2,Saint_Petersburg
2023-02-17,-4.0,Saint_Petersburg
2023-02-18,-3.8,Saint_Petersburg
2023-02-19,-5.1,Saint_Petersburg
2023-02-20,-7.2,Saint_Petersburg
2023-02-21,-11.4,Saint_Petersburg
2023-02-22,-15.7,Saint_Petersburg
2023-02-23,-12.3,Saint_Petersburg
2023-02-24,-4.3,Saint_Petersburg
2023-02-25,-4.5,Saint_Petersburg
2023-02-26,-5.5,Saint_Petersburg
2023-02-27,-7.5,Saint_Petersburg
2023-02-28,-0.5,Saint_Petersburg
2023-03-01,-4.5,Saint_Petersburg
2023-03-02,-3.0,Saint_Petersburg
2023-03-03,-2.4,Saint_Petersburg
2023-03-04,-3.1,Saint_Petersburg
2023-03-05,-3.1,Saint_Petersburg
2023-03-06,-4.7,Saint_Petersburg
2023-03-07,-7.0,Saint_Petersburg
2023-03-08,-4.8,Saint_Petersburg
2023-03-09,-6.8,Saint_Petersburg
2023-03-10,-12.8,Saint_Petersburg
2023-03-11,-10.5,Saint_Petersburg
2023-03-12,-4.7,Saint_Petersburg
2023-03-13,-5.1,Saint_Petersburg
2023-03-14,2.9,Saint_Petersburg
2023-03-15,2.1,Saint_Petersburg
2023-03-16,-2.5,Saint_Petersburg
2023-03-17,-2.9,Saint_Petersburg
2023-03-18,1.3,Saint_Petersburg
2023-03-19,2.8,Saint_Petersburg
2023-03-20,4.3,Saint_Petersburg
2023-03-21,1.4,Saint_Petersburg
2023-03-22,0.3,Saint_Petersburg
2023-03-23,6.3,Saint_Petersburg
2023-03-24,4.4,Saint_Petersburg
2023-03-25,3.8,Saint_Petersburg
2023-03-26,1.9,Saint_Petersburg
2023-03-27,-0.4,Saint_Petersburg
2023-03-28,0.2,Saint_Petersburg
2023-03-29,-1.7,Saint_Petersburg
2023-03-30,-4.5,Saint_Petersburg
2023-03-31,-1.4,Saint_Petersburg
2023-04-01,-1.4,Saint_Petersburg
2023-04-02,-2.4,Saint_Petersburg
2023-04-03,-2.2,Saint_Petersburg
2023-04-04,-1.3,Saint_Petersburg
2023-04-05,1.0,Saint_Petersburg
2023-04-06,1.3,Saint_Petersburg
2023-04-07,1.5,Saint_Petersburg
2023-04-08,3.4,Saint_Petersburg
2023-04-09,3.9,Saint_Petersburg
2023-04-10,5.7,Saint_Petersburg
2023-04-11,6.9,Saint_Petersburg
2023-04-12,7.5,Saint_Petersburg
2023-04-13,4.0,Saint_Petersburg
2023-04-14,3.2,Saint_Petersburg
2023-04-15,4.0,Saint_Petersburg
2023-04-16,6.0,Saint_Petersburg
2023-04-17,6.8,Saint_Petersburg
2023-04-18,4.9,Saint_Petersburg
2023-04-19,5.4,Saint_Petersburg
2023-04-20,5.6,Saint_Petersburg
2023-04-21,6.9,Saint_Petersburg
2023-04-22,7.9,Saint_Petersburg
2023-04-23,8.9,Saint_Petersburg
2023-04-24,12.6,Saint_Petersburg
2023-04-25,13.9,Saint_Petersburg
2023-04-26,13.2,Saint_Petersburg
2023-04-27,7.5,Saint_Petersburg
2023-04-28,5.9,Saint_Petersburg
2023-04-29,4.6,Saint_Petersburg
2023-04-30,6.4,Saint_Petersburg
2023-05-01,5.8,Saint_Petersburg
2023-05-02,9.4,Saint_Petersburg
2023-05-03,6.3,Saint_Petersburg
2023-05-04,3.5,Saint_Petersburg
2023-05-05,2.2,Saint_Petersburg
2023-05-06,2.8,Saint_Petersburg
2023-05-07,5.5,Saint_Petersburg
2023-05-08,7.0,Saint_Petersburg
2023-05-09,9.1,Saint_Petersburg
2023-05-10,10.4,Saint_Petersburg
2023-05-11,10.7,Saint_Petersburg
2023-05-12,12.6,Saint_Petersburg
2023-05-13,14.5,Saint_Petersburg
2023-05-14,14.4,Saint_Petersburg
2023-05-15,16.1,Saint_Petersburg
2023-05-16,16.4,Saint_Petersburg
2023-05-17,16.8,Saint_Petersburg
2023-05-18,11.0,Saint_Petersburg
2023-05-19,10.8,Saint_Petersburg
2023-05-20,12.6,Saint_Petersburg
2023-05-21,15.1,Saint_Petersburg
2023-05-22,13.9,Saint_Petersburg
2023-05-23,15.8,Saint_Petersburg
2023-05-24,17.5,Saint_Petersburg
2023-05-25,17.0,Saint_Petersburg
2023-05-26,13.2,Saint_Petersburg
2023-05-27,10.2,Saint_Petersburg
2023-05-28,12.7,Saint_Petersburg
2023-05-29,12.7,Saint_Petersburg
2023-05-30,11.4,Saint_Petersburg
2023-05-31,12.1,Saint_Petersburg
2023-06-01,10.9,Saint_Petersburg
2023-06-02,7.5,Saint_Petersburg
2023-06-03,8.2,Saint_Petersburg
2023-06-04,10.3,Saint_Petersburg
2023-06-05,12.9,Saint_Petersburg
2023-06-06,13.6,Saint_Petersburg
2023-06-07,12.8,Saint_Petersburg
2023-06-08,12.8,Saint_Petersburg
2023-06-09,11.6,Saint_Petersburg
2023-06-10,11.2,Saint_Petersburg
2023-06-11,13.2,Saint_Petersburg
2023-06-12,16.3,Saint_Petersburg
2023-06-13,18.4,Saint_Petersburg
2023-06-14,18.9,Saint_Petersburg
2023-06-15,20.9,Saint_Petersburg
2023-06-16,21.9,Saint_Petersburg
2023-06-17,21.5,Saint_Petersburg
2023-06-18,18.1,Saint_Petersburg
2023-06-19,19.1,Saint_Petersburg
2023-06-20,20.0,Saint_Petersburg
2023-06-21,20.7,Saint_Petersburg
2023-06-22,22.6,Saint_Petersburg
2023-06-23,19.2,Saint_Petersburg
2023-06-24,18.3,Saint_Petersburg
2023-06-25,17.7,Saint_Petersburg
2023-06-26,19.4,Saint_Petersburg
2023-06-27,20.2,Saint_Petersburg
2023-06-28,20.8,Saint_Petersburg
2023-06-29,21.1,Saint_Petersburg
2023-06-30,20.0,Saint_Petersburg
2023-07-01,18.7,Saint_Petersburg
2023-07-02,17.8,Saint_Petersburg
2023-07-03,16.5,Saint_Petersburg
2023-07-04,16.8,Saint_Petersburg
2023-07-05,16.7,Saint_Petersburg
2023-07-06,18.8,Saint_Petersburg
2023-07-07,17.7,Saint_Petersburg
2023-07-08,16.5,Saint_Petersburg
2023-07-09,14.8,Saint_Petersburg
2023-07-10,13.5,Saint_Petersburg
2023-07-11,14.9,Saint_Petersburg
2023-07-12,16.6,Saint_Petersburg
2023-07-13,17.3,Saint_Petersburg
2023-07-14,18.2,Saint_Petersburg
2023-07-15,18.6,Saint_Petersburg
2023-07-16,20.8,Saint_Petersburg
2023-07-17,20.0,Saint_Petersburg
2023-07-18,17.5,Saint_Petersburg
2023-07-19,17.1,Saint_Petersburg
2023-07-20,17.2,Saint_Petersburg
2023-07-21,17.0,Saint_Petersburg
2023-07-22,17.4,Saint_Petersburg
2023-07-23,16.6,Saint_Petersburg
2023-07-24,16.2,Saint_Petersburg
2023-07-25,18.0,Saint_Petersburg
2023-07-26,17.5,Saint_Petersburg
2023-07-27,18.3,Saint_Petersburg
2023-07-28,15.8,Saint_Petersburg
2023-07-29,17.0,Saint_Petersburg
2023-07-30,18.6,Saint_Petersburg
2023-07-31,19.1,Saint_Petersburg
2023-08-01,19.9,Saint_Petersburg
2023-08-02,21.4,Saint_Petersburg
2023-08-03,19.9,Saint_Petersburg
2023-08-04,20.1,Saint_Petersburg
2023-08-05,20.0,Saint_Petersburg
2023-08-06,21.7,Saint_Petersburg
2023-08-07,26.6,Saint_Petersburg
2023-08-08,22.7,Saint_Petersburg
2023-08-09,19.1,Saint_Petersburg
2023-08-10,19.6,Saint_Petersburg
2023-08-11,19.7,Saint_Petersburg
2023-08-12,19.4,Saint_Petersburg
2023-08-13,20.8,Saint_Petersburg
2023-08-14,19.9,Saint_Petersburg
2023-08-15,19.8,Saint_Petersburg
2023-08-16,21.4,Saint_Petersburg
2023-08-17,20.3,Saint_Petersburg
2023-08-18,17.8,Saint_Petersburg
2023-08-19,16.4,Saint_Petersburg
2023-08-20,16.3,Saint_Petersburg
2023-08-21,16.4,Saint_Petersburg
2023-08-22,16.1,Saint_Petersburg
2023-08-23,15.4,Saint_Petersburg
2023-08-24,14.7,Saint_Petersburg
2023-08-25,16.1,Saint_Petersburg
2023-08-26,16.0,Saint_Petersburg
2023-08-27,15.8,Saint_Petersburg
2023-08-28,16.4,Saint_Petersburg
2023-08-29,16.7,Saint_Petersburg
2023-08-30,17.2,Saint_Petersburg
2023-08-31,21.4,Saint_Petersburg
2023-09-01,19.4,Saint_Petersburg
2023-09-02,17.5,Saint_Petersburg
2023-09-03,15.1,Saint_Petersburg
2023-09-04,15.4,Saint_Petersburg
2023-09-05,16.6,Saint_Petersburg
2023-09-06,14.0,Saint_Petersburg
2023-09-07,12.8,Saint_Petersburg
2023-09-08,15.2,Saint_Petersburg
2023-09-09,13.9,Saint_Petersburg
2023-09-10,15.9,Saint_Petersburg
2023-09-11,17.7,Saint_Petersburg
2023-09-12,18.1,Saint_Petersburg
2023-09-13,18.5,Saint_Petersburg
2023-09-14,15.0,Saint_Petersburg
2023-09-15,12.2,Saint_Petersburg
2023-09-16,12.4,Saint_Petersburg
2023-09-17,12.9,Saint_Petersburg
2023-09-18,11.1,Saint_Petersburg
2023-09-19,14.0,Saint_Petersburg
2023-09-20,15.8,Saint_Petersburg
2023-09-21,17.2,Saint_Petersburg
2023-09-22,17.1,Saint_Petersburg
2023-09-23,19.0,Saint_Petersburg
2023-09-24,15.6,Saint_Petersburg
2023-09-25,13.6,Saint_Petersburg
2023-09-26,13.3,Saint_Petersburg
2023-09-27,13.7,Saint_Petersburg
2023-09-28,15.1,Saint_Petersburg
2023-09-29,15.9,Saint_Petersburg
2023-09-30,15.6,Saint_Petersburg
2023-10-01,12.3,Saint_Petersburg
2023-10-02,11.3,Saint_Petersburg
2023-10-03,11.8,Saint_Petersburg
2023-10-04,11.8,Saint_Petersburg
2023-10-05,9.8,Saint_Petersburg
2023-10-06,6.6,Saint_Petersburg
2023-10-07,5.9,Saint_Petersburg
2023-10-08,3.1,Saint_Petersburg
2023-10-09,3.4,Saint_Petersburg
2023-10-10,2.6,Saint_Petersburg
2023-10-11,6.8,Saint_Petersburg
2023-10-12,8.9,Saint_Petersburg
2023-10-13,8.6,Saint_Petersburg
2023-10-14,10.5,Saint_Petersburg
2023-10-15,8.4,Saint_Petersburg
2023-10-16,5.0,Saint_Petersburg
2023-10-17,4.2,Saint_Petersburg
2023-10-18,1.6,Saint_Petersburg
2023-10-19,1.9,Saint_Petersburg
2023-10-20,1.7,Saint_Petersburg
2023-10-21,-0.5,Saint_Petersburg
2023-10-22,0.1,Saint_Petersburg
2023-10-23,1.9,Saint_Petersburg
2023-10-24,1.3,Saint_Petersburg
2023-10-25,0.2,Saint_Petersburg
2023-10-26,-1.5,Saint_Petersburg
2023-10-27,-1.7,Saint_Petersburg
2023-10-28,-0.6,Saint_Petersburg
2023-10-29,-0.6,Saint_Petersburg
2023-10-30,-0.5,Saint_Petersburg
2023-10-31,-0.9,Saint_Petersburg
2023-11-01,6.5,Saint_Petersburg
2023-11-02,2.8,Saint_Petersburg
2023-11-03,1.0,Saint_Petersburg
2023-11-04,4.0,Saint_Petersburg
2023-11-05,5.3,Saint_Petersburg
2023-11-06,4.7,Saint_Petersburg
2023-11-07,5.3,Saint_Petersburg
2023-11-08,5.6,Saint_Petersburg
2023-11-09,5.0,Saint_Petersburg
2023-11-10,5.2,Saint_Petersburg
2023-11-11,5.3,Saint_Petersburg
2023-11-12,4.5,Saint_Petersburg
2023-11-13,1.6,Saint_Petersburg
2023-11-14,0.1,Saint_Petersburg
2023-11-15,0.5,Saint_Petersburg
2023-11-16,-2.6,Saint_Petersburg
2023-11-17,-3.6,Saint_Petersburg
2023-11-18,-5.4,Saint_Petersburg
2023-11-19,-6.2,Saint_Petersburg
2023-11-20,-5.2,Saint_Petersburg
2023-11-21,-5.5,Saint_Petersburg
2023-11-22,-5.9,Saint_Petersburg
2023-11-23,-3.6,Saint_Petersburg
2023-11-24,-4.2,Saint_Petersburg
2023-11-25,-8.8,Saint_Petersburg
2023-11-26,-9.3,Saint_Petersburg
2023-11-27,-5.2,Saint_Petersburg
2023-11-28,-1.8,Saint_Petersburg
2023-11-29,-6.2,Saint_Petersburg
2023-11-30,-5.2,Saint_Petersburg
2023-12-01,-6.4,Saint_Petersburg
2023-12-02,-9.0,Saint_Petersburg
2023-12-03,-9.5,Saint_Petersburg
2023-12-04,-7.6,Saint_Petersburg
2023-12-05,-9.5,Saint_Petersburg
2023-12-06,-12.7,Saint_Petersburg
2023-12-07,-13.0,Saint_Petersburg
2023-12-08,-13.6,Saint_Petersburg
2023-12-09,-11.9,Saint_Petersburg
2023-12-10,-11.3,Saint_Petersburg
2023-12-11,-8.7,Saint_Petersburg
2023-12-12,-4.8,Saint_Petersburg
2023-12-13,-2.1,Saint_Petersburg
2023-12-14,-4.1,Saint_Petersburg
2023-12-15,-6.1,Saint_Petersburg
2023-12-16,-4.1,Saint_Petersburg
2023-12-17,1.2,Saint_Petersburg
2023-12-18,0.7,Saint_Petersburg
2023-12-19,1.8,Saint_Petersburg
2023-12-20,-0.4,Saint_Petersburg
2023-12-21,-1.0,Saint_Petersburg
2023-12-22,0.0,Saint_Petersburg
2023-12-23,-0.2,Saint_Petersburg
2023-12-24,-3.2,Saint_Petersburg
2023-12-25,-2.8,Saint_Petersburg
2023-12-26,-3.9,Saint_Petersburg
2023-12-27,-5.8,Saint_Petersburg
2023-12-28,-4.5,Saint_Petersburg
2023-12-29,-4.0,Saint_Petersburg
2023-12-30,-5.1,Saint_Petersburg
2023-12-31,-9.4,Saint_Petersburg
2023-01-01,0.2,Nizhny_Novgorod
2023-01-02,-0.3,Nizhny_Novgorod
2023-01-03,-4.0,Nizhny_Novgorod
2023-01-04,-6.7,Nizhny_Novgorod
2023-01-05,-10.4,Nizhny_Novgorod
2023-01-06,-25.2,Nizhny_Novgorod
2023-01-07,-28.3,Nizhny_Novgorod
2023-01-08,-24.2,Nizhny_Novgorod
2023-01-09,-29.9,Nizhny_Novgorod
2023-01-10,-28.3,Nizhny_Novgorod
2023-01-11,-18.1,Nizhny_Novgorod
2023-01-12,-11.1,Nizhny_Novgorod
2023-01-13,-6.3,Nizhny_Novgorod
2023-01-14,-4.8,Nizhny_Novgorod
2023-01-15,-6.6,Nizhny_Novgorod
2023-01-16,-7.7,Nizhny_Novgorod
2023-01-17,-5.6,Nizhny_Novgorod
2023-01-18,-5.2,Nizhny_Novgorod
2023-01-19,-4.5,Nizhny_Novgorod
2023-01-20,-1.2,Nizhny_Novgorod
2023-01-21,-5.1,Nizhny_Novgorod
2023-01-22,-6.8,Nizhny_Novgorod
2023-01-23,-8.9,Nizhny_Novgorod
2023-01-24,-10.4,Nizhny_Novgorod
2023-01-25,-4.4,Nizhny_Novgorod
2023-01-26,-2.8,Nizhny_Novgorod
2023-01-27,-4.2,Nizhny_Novgorod
2023-01-28,-4.3,Nizhny_Novgorod
2023-01-29,-5.9,Nizhny_Novgorod
2023-01-30,-6.1,Nizhny_Novgorod
2023-01-31,-3.8,Nizhny_Novgorod
2023-02-01,-2.6,Nizhny_Novgorod
2023-02-02,-2.9,Nizhny_Novgorod
2023-02-03,-2.7,Nizhny_Novgorod
2023-02-04,-3.6,Nizhny_Novgorod
2023-02-05,-7.9,Nizhny_Novgorod
2023-02-06,-10.7,Nizhny_Novgorod
2023-02-07,-9.5,Nizhny_Novgorod
2023-02-08,-7.3,Nizhny_Novgorod
2023-02-09,-4.2,Nizhny_Novgorod
2023-02-10,-3.9,Nizhny_Novgorod
2023-02-11,-2.8,Nizhny_Novgorod
2023-02-12,-4.0,Nizhny_Novgorod
2023-02-13,-6.9,Nizhny_Novgorod
2023-02-14,-6.0,Nizhny_Novgorod
2023-02-15,-7.5,Nizhny_Novgorod
2023-02-16,-7.6,Nizhny_Novgorod
2023-02-17,-5.8,Nizhny_Novgorod
2023-02-18,-6.7,Nizhny_Novgorod
2023-02-19,-9.5,Nizhny_Novgorod
2023-02-20,-12.8,Nizhny_Novgorod
2023-02-21,-12.6,Nizhny_Novgorod
2023-02-22,-13.3,Nizhny_Novgorod
2023-02-23,-13.2,Nizhny_Novgorod
2023-02-24,-10.2,Nizhny_Novgorod
2023-02-25,-3.2,Nizhny_Novgorod
2023-02-26,1.0,Nizhny_Novgorod
2023-02-27,-2.0,Nizhny_Novgorod
2023-02-28,-5.4,Nizhny_Novgorod
2023-03-01,-6.0,Nizhny_Novgorod
2023-03-02,-5.2,Nizhny_Novgorod
2023-03-03,-3.1,Nizhny_Novgorod
2023-03-04,-2.9,Nizhny_Novgorod
2023-03-05,-1.6,Nizhny_Novgorod
2023-03-06,-3.0,Nizhny_Novgorod
2023-03-07,-3.9,Nizhny_Novgorod
2023-03-08,-3.8,Nizhny_Novgorod
2023-03-09,0.1,Nizhny_Novgorod
2023-03-10,-2.8,Nizhny_Novgorod
2023-03-11,-6.4,Nizhny_Novgorod
2023-03-12,3.7,Nizhny_Novgorod
2023-03-13,-2.1,Nizhny_Novgorod
2023-03-14,-1.2,Nizhny_Novgorod
2023-03-15,2.7,Nizhny_Novgorod
2023-03-16,2.1,Nizhny_Novgorod
2023-03-17,0.7,Nizhny_Novgorod
2023-03-18,-2.7,Nizhny_Novgorod
2023-03-19,-2.1,Nizhny_Novgorod
2023-03-20,0.4,Nizhny_Novgorod
2023-03-21,1.5,Nizhny_Novgorod
2023-03-22,1.3,Nizhny_Novgorod
2023-03-23,3.3,Nizhny_Novgorod
2023-03-24,5.3,Nizhny_Novgorod
2023-03-25,5.4,Nizhny_Novgorod
2023-03-26,4.9,Nizhny_Novgorod
2023-03-27,4.6,Nizhny_Novgorod
2023-03-28,4.4,Nizhny_Novgorod
2023-03-29,2.5,Nizhny_Novgorod
2023-03-30,5.5,Nizhny_Novgorod
2023-03-31,4.9,Nizhny_Novgorod
2023-04-01,3.5,Nizhny_Novgorod
2023-04-02,6.2,Nizhny_Novgorod
2023-04-03,6.7,Nizhny_Novgorod
2023-04-04,8.7,Nizhny_Novgorod
2023-04-05,8.8,Nizhny_Novgorod
2023-04-06,6.2,Nizhny_Novgorod
2023-04-07,3.3,Nizhny_Novgorod
2023-04-08,3.4,Nizhny_Novgorod
2023-04-09,5.3,Nizhny_Novgorod
2023-04-10,5.8,Nizhny_Novgorod
2023-04-11,7.0,Nizhny_Novgorod
2023-04-12,8.0,Nizhny_Novgorod
2023-04-13,8.1,Nizhny_Novgorod
2023-04-14,1.3,Nizhny_Novgorod
2023-04-15,1.6,Nizhny_Novgorod
2023-04-16,4.7,Nizhny_Novgorod
2023-04-17,8.5,Nizhny_Novgorod
2023-04-18,8.7,Nizhny_Novgorod
2023-04-19,8.2,Nizhny_Novgorod
2023-04-20,9.7,Nizhny_Novgorod
2023-04-21,10.3,Nizhny_Novgorod
2023-04-22,9.9,Nizhny_Novgorod
2023-04-23,10.8,Nizhny_Novgorod
2023-04-24,13.9,Nizhny_Novgorod
2023-04-25,13.2,Nizhny_Novgorod
2023-04-26,13.1,Nizhny_Novgorod
2023-04-27,13.2,Nizhny_Novgorod
2023-04-28,14.7,Nizhny_Novgorod
2023-04-29,13.7,Nizhny_Novgorod
2023-04-30,8.0,Nizhny_Novgorod
2023-05-01,10.9,Nizhny_Novgorod
2023-05-02,9.5,Nizhny_Novgorod
2023-05-03,12.0,Nizhny_Novgorod
2023-05-04,11.3,Nizhny_Novgorod
2023-05-05,9.6,Nizhny_Novgorod
2023-05-06,5.6,Nizhny_Novgorod
2023-05-07,3.7,Nizhny_Novgorod
2023-05-08,5.4,Nizhny_Novgorod
2023-05-09,8.2,Nizhny_Novgorod
2023-05-10,10.8,Nizhny_Novgorod
2023-05-11,12.5,Nizhny_Novgorod
2023-05-12,13.4,Nizhny_Novgorod
2023-05-13,15.7,Nizhny_Novgorod
2023-05-14,12.3,Nizhny_Novgorod
2023-05-15,11.6,Nizhny_Novgorod
2023-05-16,14.3,Nizhny_Novgorod
2023-05-17,17.5,Nizhny_Novgorod
2023-05-18,18.3,Nizhny_Novgorod
2023-05-19,16.4,Nizhny_Novgorod
2023-05-20,13.2,Nizhny_Novgorod
2023-05-21,16.2,Nizhny_Novgorod
2023-05-22,18.7,Nizhny_Novgorod
2023-05-23,20.2,Nizhny_Novgorod
2023-05-24,20.0,Nizhny_Novgorod
2023-05-25,21.6,Nizhny_Novgorod
2023-05-26,19.2,Nizhny_Novgorod
2023-05-27,18.8,Nizhny_Novgorod
2023-05-28,15.1,Nizhny_Novgorod
2023-05-29,15.2,Nizhny_Novgorod
2023-05-30,16.3,Nizhny_Novgorod
2023-05-31,16.5,Nizhny_Novgorod
2023-06-01,15.8,Nizhny_Novgorod
2023-06-02,17.8,Nizhny_Novgorod
2023-06-03,19.4,Nizhny_Novgorod
2023-06-04,12.6,Nizhny_Novgorod
2023-06-05,13.3,Nizhny_Novgorod
2023-06-06,14.3,Nizhny_Novgorod
2023-06-07,16.2,Nizhny_Novgorod
2023-06-08,14.6,Nizhny_Novgorod
2023-06-09,17.0,Nizhny_Novgorod
2023-06-10,12.5,Nizhny_Novgorod
2023-06-11,11.1,Nizhny_Novgorod
2023-06-12,12.5,Nizhny_Novgorod
2023-06-13,15.0,Nizhny_Novgorod
2023-06-14,16.9,Nizhny_Novgorod
2023-06-15,19.5,Nizhny_Novgorod
2023-06-16,20.8,Nizhny_Novgorod
2023-06-17,18.3,Nizhny_Novgorod
2023-06-18,14.6,Nizhny_Novgorod
2023-06-19,14.3,Nizhny_Novgorod
2023-06-20,13.9,Nizhny_Novgorod
2023-06-21,12.1,Nizhny_Novgorod
2023-06-22,13.3,Nizhny_Novgorod
2023-06-23,15.4,Nizhny_Novgorod
2023-06-24,14.4,Nizhny_Novgorod
2023-06-25,16.9,Nizhny_Novgorod
2023-06-26,18.1,Nizhny_Novgorod
2023-06-27,18.9,Nizhny_Novgorod
2023-06-28,19.3,Nizhny_Novgorod
2023-06-29,16.4,Nizhny_Novgorod
2023-06-30,16.4,Nizhny_Novgorod
2023-07-01,16.7,Nizhny_Novgorod
2023-07-02,18.7,Nizhny_Novgorod
2023-07-03,20.2,Nizhny_Novgorod
2023-07-04,20.8,Nizhny_Novgorod
2023-07-05,22.1,Nizhny_Novgorod
2023-07-06,22.3,Nizhny_Novgorod
2023-07-07,24.4,Nizhny_Novgorod
2023-07-08,24.2,Nizhny_Novgorod
2023-07-09,18.7,Nizhny_Novgorod
2023-07-10,16.6,Nizhny_Novgorod
2023-07-11,12.8,Nizhny_Novgorod
2023-07-12,13.2,Nizhny_Novgorod
2023-07-13,14.0,Nizhny_Novgorod
2023-07-14,15.4,Nizhny_Novgorod
2023-07-15,17.6,Nizhny_Novgorod
2023-07-16,18.0,Nizhny_Novgorod
2023-07-17,20.0,Nizhny_Novgorod
2023-07-18,21.5,Nizhny_Novgorod
2023-07-19,18.2,Nizhny_Novgorod
2023-07-20,17.1,Nizhny_Novgorod
2023-07-21,17.5,Nizhny_Novgorod
2023-07-22,17.5,Nizhny_Novgorod
2023-07-23,18.4,Nizhny_Novgorod
2023-07-24,17.8,Nizhny_Novgorod
2023-07-25,18.4,Nizhny_Novgorod
2023-07-26,21.9,Nizhny_Novgorod
2023-07-27,23.0,Nizhny_Novgorod
2023-07-28,25.8,Nizhny_Novgorod
2023-07-29,24.3,Nizhny_Novgorod
2023-07-30,20.0,Nizhny_Novgorod
2023-07-31,18.6,Nizhny_Novgorod
2023-08-01,20.5,Nizhny_Novgorod
2023-08-02,20.2,Nizhny_Novgorod
2023-08-03,21.9,Nizhny_Novgorod
2023-08-04,23.8,Nizhny_Novgorod
2023-08-05,23.8,Nizhny_Novgorod
2023-08-06,23.8,Nizhny_Novgorod
2023-08-07,23.2,Nizhny_Novgorod
2023-08-08,22.7,Nizhny_Novgorod
2023-08-09,22.7,Nizhny_Novgorod
2023-08-10,23.4,Nizhny_Novgorod
2023-08-11,24.1,Nizhny_Novgorod
2023-08-12,23.8,Nizhny_Novgorod
2023-08-13,23.7,Nizhny_Novgorod
2023-08-14,20.7,Nizhny_Novgorod
2023-08-15,20.6,Nizhny_Novgorod
2023-08-16,20.4,Nizhny_Novgorod
2023-08-17,22.4,Nizhny_Novgorod
2023-08-18,23.1,Nizhny_Novgorod
2023-08-19,21.0,Nizhny_Novgorod
2023-08-20,19.7,Nizhny_Novgorod
2023-08-21,17.0,Nizhny_Novgorod
2023-08-22,15.8,Nizhny_Novgorod
2023-08-23,14.4,Nizhny_Novgorod
2023-08-24,13.8,Nizhny_Novgorod
2023-08-25,13.8,Nizhny_Novgorod
2023-08-26,13.8,Nizhny_Novgorod
2023-08-27,13.1,Nizhny_Novgorod
2023-08-28,11.7,Nizhny_Novgorod
2023-08-29,11.9,Nizhny_Novgorod
2023-08-30,14.6,Nizhny_Novgorod
2023-08-31,15.4,Nizhny_Novgorod
2023-09-01,17.7,Nizhny_Novgorod
2023-09-02,17.3,Nizhny_Novgorod
2023-09-03,18.1,Nizhny_Novgorod
2023-09-04,18.1,Nizhny_Novgorod
2023-09-05,17.5,Nizhny_Novgorod
2023-09-06,16.1,Nizhny_Novgorod
2023-09-07,11.3,Nizhny_Novgorod
2023-09-08,9.2,Nizhny_Novgorod
2023-09-09,11.7,Nizhny_Novgorod
2023-09-10,14.3,Nizhny_Novgorod
2023-09-11,13.1,Nizhny_Novgorod
2023-09-12,12.8,Nizhny_Novgorod
2023-09-13,13.7,Nizhny_Novgorod
2023-09-14,14.2,Nizhny_Novgorod
2023-09-15,14.5,Nizhny_Novgorod
2023-09-16,13.7,Nizhny_Novgorod
2023-09-17,11.3,Nizhny_Novgorod
2023-09-18,12.3,Nizhny_Novgorod
2023-09-19,10.9,Nizhny_Novgorod
2023-09-20,17.2,Nizhny_Novgorod
2023-09-21,16.7,Nizhny_Novgorod
2023-09-22,16.5,Nizhny_Novgorod
2023-09-23,17.5,Nizhny_Novgorod
2023-09-24,16.7,Nizhny_Novgorod
2023-09-25,15.5,Nizhny_Novgorod
2023-09-26,12.3,Nizhny_Novgorod
2023-09-27,11.7,Nizhny_Novgorod
2023-09-28,12.1,Nizhny_Novgorod
2023-09-29,14.3,Nizhny_Novgorod
2023-09-30,15.2,Nizhny_Novgorod
2023-10-01,15.4,Nizhny_Novgorod
2023-10-02,11.8,Nizhny_Novgorod
2023-10-03,9.8,Nizhny_Novgorod
2023-10-04,13.5,Nizhny_Novgorod
2023-10-05,11.7,Nizhny_Novgorod
2023-10-06,9.0,Nizhny_Novgorod
2023-10-07,6.4,Nizhny_Novgorod
2023-10-08,5.6,Nizhny_Novgorod
2023-10-09,3.8,Nizhny_Novgorod
2023-10-10,3.6,Nizhny_Novgorod
2023-10-11,3.0,Nizhny_Novgorod
2023-10-12,6.7,Nizhny_Novgorod
2023-10-13,9.4,Nizhny_Novgorod
2023-10-14,7.9,Nizhny_Novgorod
2023-10-15,12.2,Nizhny_Novgorod
2023-10-16,9.3,Nizhny_Novgorod
2023-10-17,3.8,Nizhny_Novgorod
2023-10-18,3.4,Nizhny_Novgorod
2023-10-19,3.7,Nizhny_Novgorod
2023-10-20,4.4,Nizhny_Novgorod
2023-10-21,1.3,Nizhny_Novgorod
2023-10-22,-0.8,Nizhny_Novgorod
2023-10-23,2.7,Nizhny_Novgorod
2023-10-24,0.4,Nizhny_Novgorod
2023-10-25,-1.2,Nizhny_Novgorod
2023-10-26,-0.5,Nizhny_Novgorod
2023-10-27,-1.3,Nizhny_Novgorod
2023-10-28,-0.8,Nizhny_Novgorod
2023-10-29,-1.1,Nizhny_Novgorod
2023-10-30,-0.9,Nizhny_Novgorod
2023-10-31,2.5,Nizhny_Novgorod
2023-11-01,7.6,Nizhny_Novgorod
2023-11-02,8.6,Nizhny_Novgorod
2023-11-03,3.0,Nizhny_Novgorod
2023-11-04,1.8,Nizhny_Novgorod
2023-11-05,4.7,Nizhny_Novgorod
2023-11-06,8.4,Nizhny_Novgorod
2023-11-07,8.4,Nizhny_Novgorod
2023-11-08,6.1,Nizhny_Novgorod
2023-11-09,4.0,Nizhny_Novgorod
2023-11-10,4.0,Nizhny_Novgorod
2023-11-11,2.5,Nizhny_Novgorod
2023-11-12,3.6,Nizhny_Novgorod
2023-11-13,5.9,Nizhny_Novgorod
2023-11-14,4.9,Nizhny_Novgorod
2023-11-15,2.2,Nizhny_Novgorod
2023-11-16,0.6,Nizhny_Novgorod
2023-11-17,-3.5,Nizhny_Novgorod
2023-11-18,-5.7,Nizhny_Novgorod
2023-11-19,-7.4,Nizhny_Novgorod
2023-11-20,-6.5,Nizhny_Novgorod
2023-11-21,-4.7,Nizhny_Novgorod
2023-11-22,-8.1,Nizhny_Novgorod
2023-11-23,-9.9,Nizhny_Novgorod
2023-11-24,-9.1,Nizhny_Novgorod
2023-11-25,-5.7,Nizhny_Novgorod
2023-11-26,-2.6,Nizhny_Novgorod
2023-11-27,1.5,Nizhny_Novgorod
2023-11-28,-3.7,Nizhny_Novgorod
2023-11-29,-7.2,Nizhny_Novgorod
2023-11-30,-3.7,Nizhny_Novgorod
2023-12-01,-5.1,Nizhny_Novgorod
2023-12-02,-6.2,Nizhny_Novgorod
2023-12-03,-7.3,Nizhny_Novgorod
2023-12-04,-7.8,Nizhny_Novgorod
2023-12-05,-9.8,Nizhny_Novgorod
2023-12-06,-13.4,Nizhny_Novgorod
2023-12-07,-17.8,Nizhny_Novgorod
2023-12-08,-20.8,Nizhny_Novgorod
2023-12-09,-23.1,Nizhny_Novgorod
2023-12-10,-20.1,Nizhny_Novgorod
2023-12-11,-14.2,Nizhny_Novgorod
2023-12-12,-11.0,Nizhny_Novgorod
2023-12-13,-14.1,Nizhny_Novgorod
2023-12-14,-12.3,Nizhny_Novgorod
2023-12-15,-8.9,Nizhny_Novgorod
2023-12-16,-9.7,Nizhny_Novgorod
2023-12-17,-5.5,Nizhny_Novgorod
2023-12-18,-1.2,Nizhny_Novgorod
2023-12-19,0.1,Nizhny_Novgorod
2023-12-20,2.0,Nizhny_Novgorod
2023-12-21,1.5,Nizhny_Novgorod
2023-12-22,0.8,Nizhny_Novgorod
2023-12-23,1.2,Nizhny_Novgorod
2023-12-24,-1.5,Nizhny_Novgorod
2023-12-25,-3.1,Nizhny_Novgorod
2023-12-26,-4.7,Nizhny_Novgorod
2023-12-27,-4.9,Nizhny_Novgorod
2023-12-28,-6.6,Nizhny_Novgorod
2023-12-29,-5.9,Nizhny_Novgorod
2023-12-30,-4.5,Nizhny_Novgorod
2023-12-31,-3.9,Nizhny_Novgorod
2023-01-01,-3.1,Kazan
2023-01-02,-0.3,Kazan
2023-01-03,-2.7,Kazan
2023-01-04,-8.1,Kazan
2023-01-05,-9.7,Kazan
2023-01-06,-21.7,Kazan
2023-01-07,-28.3,Kazan
2023-01-08,-26.1,Kazan
2023-01-09,-30.5,Kazan
2023-01-10,-29.0,Kazan
2023-01-11,-23.9,Kazan
2023-01-12,-14.0,Kazan
2023-01-13,-12.9,Kazan
2023-01-14,-11.9,Kazan
2023-01-15,-14.0,Kazan
2023-01-16,-14.3,Kazan
2023-01-17,-13.0,Kazan
2023-01-18,-10.6,Kazan
2023-01-19,-11.3,Kazan
2023-01-20,-10.4,Kazan
2023-01-21,-11.0,Kazan
2023-01-22,-11.6,Kazan
2023-01-23,-12.6,Kazan
2023-01-24,-14.8,Kazan
2023-01-25,-7.9,Kazan
2023-01-26,-3.7,Kazan
2023-01-27,-4.9,Kazan
2023-01-28,-4.2,Kazan
2023-01-29,-6.0,Kazan
2023-01-30,-5.2,Kazan
2023-01-31,-0.9,Kazan
2023-02-01,-3.8,Kazan
2023-02-02,-9.6,Kazan
2023-02-03,-6.0,Kazan
2023-02-04,-6.3,Kazan
2023-02-05,-8.4,Kazan
2023-02-06,-8.9,Kazan
2023-02-07,-12.9,Kazan
2023-02-08,-12.1,Kazan
2023-02-09,-6.1,Kazan
2023-02-10,-5.8,Kazan
2023-02-11,-4.9,Kazan
2023-02-12,-6.9,Kazan
2023-02-13,-6.4,Kazan
2023-02-14,-5.7,Kazan
2023-02-15,-8.3,Kazan
2023-02-16,-8.2,Kazan
2023-02-17,-8.0,Kazan
2023-02-18,-11.1,Kazan
2023-02-19,-14.3,Kazan
2023-02-20,-17.1,Kazan
2023-02-21,-12.6,Kazan
2023-02-22,-11.7,Kazan
2023-02-23,-14.0,Kazan
2023-02-24,-12.8,Kazan
2023-02-25,-6.0,Kazan
2023-02-26,-0.5,Kazan
2023-02-27,-0.6,Kazan
2023-02-28,-3.7,Kazan
2023-03-01,-4.9,Kazan
2023-03-02,-6.6,Kazan
2023-03-03,-6.4,Kazan
2023-03-04,-3.5,Kazan
2023-03-05,-1.9,Kazan
2023-03-06,-2.9,Kazan
2023-03-07,-4.1,Kazan
2023-03-08,-5.3,Kazan
2023-03-09,1.0,Kazan
2023-03-10,1.9,Kazan
2023-03-11,-4.1,Kazan
2023-03-12,0.4,Kazan
2023-03-13,0.5,Kazan
2023-03-14,-2.9,Kazan
2023-03-15,1.3,Kazan
2023-03-16,1.1,Kazan
2023-03-17,1.8,Kazan
2023-03-18,-1.4,Kazan
2023-03-19,-2.9,Kazan
2023-03-20,0.4,Kazan
2023-03-21,2.3,Kazan
2023-03-22,0.9,Kazan
2023-03-23,0.7,Kazan
2023-03-24,4.8,Kazan
2023-03-25,4.5,Kazan
2023-03-26,6.4,Kazan
2023-03-27,5.8,Kazan
2023-03-28,2.9,Kazan
2023-03-29,1.8,Kazan
2023-03-30,4.8,Kazan
2023-03-31,4.5,Kazan
2023-04-01,3.1,Kazan
2023-04-02,5.9,Kazan
2023-04-03,6.9,Kazan
2023-04-04,7.7,Kazan
2023-04-05,9.3,Kazan
2023-04-06,6.0,Kazan
2023-04-07,2.6,Kazan
2023-04-08,2.4,Kazan
2023-04-09,3.7,Kazan
2023-04-10,5.3,Kazan
2023-04-11,4.5,Kazan
2023-04-12,7.8,Kazan
2023-04-13,8.5,Kazan
2023-04-14,0.7,Kazan
2023-04-15,0.8,Kazan
2023-04-16,3.3,Kazan
2023-04-17,6.3,Kazan
2023-04-18,9.8,Kazan
2023-04-19,9.3,Kazan
2023-04-20,9.0,Kazan
2023-04-21,9.7,Kazan
2023-04-22,9.8,Kazan
2023-04-23,10.8,Kazan
2023-04-24,13.1,Kazan
2023-04-25,13.4,Kazan
2023-04-26,13.5,Kazan
2023-04-27,14.1,Kazan
2023-04-28,14.3,Kazan
2023-04-29,16.4,Kazan
2023-04-30,14.3,Kazan
2023-05-01,20.3,Kazan
2023-05-02,11.8,Kazan
2023-05-03,12.7,Kazan
2023-05-04,14.5,Kazan
2023-05-05,14.4,Kazan
2023-05-06,8.0,Kazan
2023-05-07,4.6,Kazan
2023-05-08,4.8,Kazan
2023-05-09,6.2,Kazan
2023-05-10,9.5,Kazan
2023-05-11,12.2,Kazan
2023-05-12,13.0,Kazan
2023-05-13,13.6,Kazan
2023-05-14,11.9,Kazan
2023-05-15,12.7,Kazan
2023-05-16,15.2,Kazan
2023-05-17,17.4,Kazan
2023-05-18,17.6,Kazan
2023-05-19,15.6,Kazan
2023-05-20,15.8,Kazan
2023-05-21,18.5,Kazan
2023-05-22,19.7,Kazan
2023-05-23,21.1,Kazan
2023-05-24,22.7,Kazan
2023-05-25,23.9,Kazan
2023-05-26,23.0,Kazan
2023-05-27,22.3,Kazan
2023-05-28,21.0,Kazan
2023-05-29,16.3,Kazan
2023-05-30,18.4,Kazan
2023-05-31,19.3,Kazan
2023-06-01,17.1,Kazan
2023-06-02,16.9,Kazan
2023-06-03,19.3,Kazan
2023-06-04,16.1,Kazan
2023-06-05,14.1,Kazan
2023-06-06,15.0,Kazan
2023-06-07,15.7,Kazan
2023-06-08,15.1,Kazan
2023-06-09,16.6,Kazan
2023-06-10,13.8,Kazan
2023-06-11,11.5,Kazan
2023-06-12,13.1,Kazan
2023-06-13,15.4,Kazan
2023-06-14,17.3,Kazan
2023-06-15,19.9,Kazan
2023-06-16,21.3,Kazan
2023-06-17,18.4,Kazan
2023-06-18,13.8,Kazan
2023-06-19,12.2,Kazan
2023-06-20,12.5,Kazan
2023-06-21,11.5,Kazan
2023-06-22,12.3,Kazan
2023-06-23,14.2,Kazan
2023-06-24,15.9,Kazan
2023-06-25,17.0,Kazan
2023-06-26,17.3,Kazan
2023-06-27,18.4,Kazan
2023-06-28,21.1,Kazan
2023-06-29,20.7,Kazan
2023-06-30,22.7,Kazan
2023-07-01,20.1,Kazan
2023-07-02,20.0,Kazan
2023-07-03,22.4,Kazan
2023-07-04,22.8,Kazan
2023-07-05,23.5,Kazan
2023-07-06,24.6,Kazan
2023-07-07,23.5,Kazan
2023-07-08,26.6,Kazan
2023-07-09,25.4,Kazan
2023-07-10,26.9,Kazan
2023-07-11,24.2,Kazan
2023-07-12,15.1,Kazan
2023-07-13,16.9,Kazan
2023-07-14,17.3,Kazan
2023-07-15,18.8,Kazan
2023-07-16,17.9,Kazan
2023-07-17,20.5,Kazan
2023-07-18,21.5,Kazan
2023-07-19,20.7,Kazan
2023-07-20,18.9,Kazan
2023-07-21,19.7,Kazan
2023-07-22,18.7,Kazan
2023-07-23,19.1,Kazan
2023-07-24,18.8,Kazan
2023-07-25,20.1,Kazan
2023-07-26,21.7,Kazan
2023-07-27,24.4,Kazan
2023-07-28,25.8,Kazan
2023-07-29,26.9,Kazan
2023-07-30,23.6,Kazan
2023-07-31,19.7,Kazan
2023-08-01,20.3,Kazan
2023-08-02,21.1,Kazan
2023-08-03,22.7,Kazan
2023-08-04,23.9,Kazan
2023-08-05,25.1,Kazan
2023-08-06,23.6,Kazan
2023-08-07,22.8,Kazan
2023-08-08,22.8,Kazan
2023-08-09,22.7,Kazan
2023-08-10,24.0,Kazan
2023-08-11,24.0,Kazan
2023-08-12,22.2,Kazan
2023-08-13,23.0,Kazan
2023-08-14,22.4,Kazan
2023-08-15,22.0,Kazan
2023-08-16,20.5,Kazan
2023-08-17,23.8,Kazan
2023-08-18,24.6,Kazan
2023-08-19,21.4,Kazan
2023-08-20,17.2,Kazan
2023-08-21,16.4,Kazan
2023-08-22,15.0,Kazan
2023-08-23,15.3,Kazan
2023-08-24,14.1,Kazan
2023-08-25,13.4,Kazan
2023-08-26,13.1,Kazan
2023-08-27,11.8,Kazan
2023-08-28,10.3,Kazan
2023-08-29,13.5,Kazan
2023-08-30,13.7,Kazan
2023-08-31,15.3,Kazan
2023-09-01,16.5,Kazan
2023-09-02,16.3,Kazan
2023-09-03,16.0,Kazan
2023-09-04,17.8,Kazan
2023-09-05,17.6,Kazan
2023-09-06,17.6,Kazan
2023-09-07,12.3,Kazan
2023-09-08,9.8,Kazan
2023-09-09,14.7,Kazan
2023-09-10,15.3,Kazan
2023-09-11,13.7,Kazan
2023-09-12,13.5,Kazan
2023-09-13,15.3,Kazan
2023-09-14,15.4,Kazan
2023-09-15,15.0,Kazan
2023-09-16,15.0,Kazan
2023-09-17,13.8,Kazan
2023-09-18,13.5,Kazan
2023-09-19,11.7,Kazan
2023-09-20,13.7,Kazan
2023-09-21,17.7,Kazan
2023-09-22,16.9,Kazan
2023-09-23,17.7,Kazan
2023-09-24,17.4,Kazan
2023-09-25,16.4,Kazan
2023-09-26,13.7,Kazan
2023-09-27,13.0,Kazan
2023-09-28,13.7,Kazan
2023-09-29,13.7,Kazan
2023-09-30,11.7,Kazan
2023-10-01,15.1,Kazan
2023-10-02,13.6,Kazan
2023-10-03,11.9,Kazan
2023-10-04,11.9,Kazan
2023-10-05,13.0,Kazan
2023-10-06,11.3,Kazan
2023-10-07,9.9,Kazan
2023-10-08,6.4,Kazan
2023-10-09,3.9,Kazan
2023-10-10,3.9,Kazan
2023-10-11,3.8,Kazan
2023-10-12,4.8,Kazan
2023-10-13,9.4,Kazan
2023-10-14,8.5,Kazan
2023-10-15,12.0,Kazan
2023-10-16,12.5,Kazan
2023-10-17,8.1,Kazan
2023-10-18,4.4,Kazan
2023-10-19,4.5,Kazan
2023-10-20,4.5,Kazan
2023-10-21,2.4,Kazan
2023-10-22,0.2,Kazan
2023-10-23,1.8,Kazan
2023-10-24,1.6,Kazan
2023-10-25,-1.4,Kazan
2023-10-26,-1.2,Kazan
2023-10-27,-1.8,Kazan
2023-10-28,-0.9,Kazan
2023-10-29,0.6,Kazan
2023-10-30,-0.5,Kazan
2023-10-31,2.1,Kazan
2023-11-01,4.7,Kazan
2023-11-02,7.7,Kazan
2023-11-03,5.2,Kazan
2023-11-04,-0.1,Kazan
2023-11-05,1.1,Kazan
2023-11-06,4.9,Kazan
2023-11-07,6.0,Kazan
2023-11-08,5.9,Kazan
2023-11-09,4.8,Kazan
2023-11-10,4.3,Kazan
2023-11-11,0.7,Kazan
2023-11-12,2.1,Kazan
2023-11-13,5.0,Kazan
2023-11-14,4.4,Kazan
2023-11-15,2.3,Kazan
2023-11-16,0.2,Kazan
2023-11-17,-1.5,Kazan
2023-11-18,-5.5,Kazan
2023-11-19,-6.1,Kazan
2023-11-20,-5.2,Kazan
2023-11-21,-3.1,Kazan
2023-11-22,-6.9,Kazan
2023-11-23,-10.3,Kazan
2023-11-24,-10.2,Kazan
2023-11-25,-2.0,Kazan
2023-11-26,-0.1,Kazan
2023-11-27,0.5,Kazan
2023-11-28,-3.3,Kazan
2023-11-29,-8.3,Kazan
2023-11-30,-8.0,Kazan
2023-12-01,-5.1,Kazan
2023-12-02,-5.7,Kazan
2023-12-03,-11.3,Kazan
2023-12-04,-4.6,Kazan
2023-12-05,-10.8,Kazan
2023-12-06,-14.9,Kazan
2023-12-07,-24.4,Kazan
2023-12-08,-28.3,Kazan
2023-12-09,-27.8,Kazan
2023-12-10,-25.6,Kazan
2023-12-11,-21.9,Kazan
2023-12-12,-19.1,Kazan
2023-12-13,-17.5,Kazan
2023-12-14,-12.1,Kazan
2023-12-15,-12.6,Kazan
2023-12-16,-11.3,Kazan
2023-12-17,-9.3,Kazan
2023-12-18,-2.2,Kazan
2023-12-19,-1.9,Kazan
2023-12-20,1.4,Kazan
2023-12-21,1.8,Kazan
2023-12-22,0.9,Kazan
2023-12-23,-1.1,Kazan
2023-12-24,-2.6,Kazan
2023-12-25,-2.8,Kazan
2023-12-26,-4.6,Kazan
2023-12-27,-5.2,Kazan
2023-12-28,-8.3,Kazan
2023-12-29,-7.1,Kazan
2023-12-30,-8.0,Kazan
2023-12-31,-3.1,Kazan
2023-01-01,-8.7,Ufa
2023-01-02,-3.2,Ufa
2023-01-03,-3.3,Ufa
2023-01-04,-6.1,Ufa
2023-01-05,-16.5,Ufa
2023-01-06,-9.0,Ufa
2023-01-07,-25.2,Ufa
2023-01-08,-31.0,Ufa
2023-01-09,-33.7,Ufa
2023-01-10,-32.3,Ufa
2023-01-11,-27.0,Ufa
2023-01-12,-21.3,Ufa
2023-01-13,-15.1,Ufa
2023-01-14,-15.5,Ufa
2023-01-15,-15.6,Ufa
2023-01-16,-15.8,Ufa
2023-01-17,-14.6,Ufa
2023-01-18,-13.3,Ufa
2023-01-19,-16.9,Ufa
2023-01-20,-17.9,Ufa
2023-01-21,-14.6,Ufa
2023-01-22,-12.3,Ufa
2023-01-23,-12.2,Ufa
2023-01-24,-9.7,Ufa
2023-01-25,-11.9,Ufa
2023-01-26,-10.1,Ufa
2023-01-27,-7.1,Ufa
2023-01-28,-8.0,Ufa
2023-01-29,-8.8,Ufa
2023-01-30,-10.1,Ufa
2023-01-31,-9.2,Ufa
2023-02-01,-9.7,Ufa
2023-02-02,-10.9,Ufa
2023-02-03,-9.5,Ufa
2023-02-04,-13.2,Ufa
2023-02-05,-14.3,Ufa
2023-02-06,-15.8,Ufa
2023-02-07,-14.6,Ufa
2023-02-08,-13.8,Ufa
2023-02-09,-9.3,Ufa
2023-02-10,-5.5,Ufa
2023-02-11,-7.4,Ufa
2023-02-12,-8.3,Ufa
2023-02-13,-8.8,Ufa
2023-02-14,-5.7,Ufa
2023-02-15,-10.0,Ufa
2023-02-16,-6.3,Ufa
2023-02-17,-7.4,Ufa
2023-02-18,-13.7,Ufa
2023-02-19,-18.3,Ufa
2023-02-20,-15.6,Ufa
2023-02-21,-6.7,Ufa
2023-02-22,-5.8,Ufa
2023-02-23,-6.4,Ufa
2023-02-24,-11.8,Ufa
2023-02-25,-11.1,Ufa
2023-02-26,-4.3,Ufa
2023-02-27,-0.9,Ufa
2023-02-28,-1.9,Ufa
2023-03-01,-4.7,Ufa
2023-03-02,-6.8,Ufa
2023-03-03,-9.2,Ufa
2023-03-04,-3.1,Ufa
2023-03-05,-1.2,Ufa
2023-03-06,-2.6,Ufa
2023-03-07,-4.4,Ufa
2023-03-08,-4.0,Ufa
2023-03-09,0.8,Ufa
2023-03-10,3.0,Ufa
2023-03-11,-0.7,Ufa
2023-03-12,-1.6,Ufa
2023-03-13,3.1,Ufa
2023-03-14,-2.8,Ufa
2023-03-15,-2.2,Ufa
2023-03-16,-1.6,Ufa
2023-03-17,0.9,Ufa
2023-03-18,-0.2,Ufa
2023-03-19,-1.9,Ufa
2023-03-20,-2.8,Ufa
2023-03-21,-1.1,Ufa
2023-03-22,1.4,Ufa
2023-03-23,0.7,Ufa
2023-03-24,3.5,Ufa
2023-03-25,3.2,Ufa
2023-03-26,3.9,Ufa
2023-03-27,6.4,Ufa
2023-03-28,4.5,Ufa
2023-03-29,2.5,Ufa
2023-03-30,2.2,Ufa
2023-03-31,4.1,Ufa
2023-04-01,5.0,Ufa
2023-04-02,5.7,Ufa
2023-04-03,7.7,Ufa
2023-04-04,8.2,Ufa
2023-04-05,8.4,Ufa
2023-04-06,8.2,Ufa
2023-04-07,3.9,Ufa
2023-04-08,0.4,Ufa
2023-04-09,3.4,Ufa
2023-04-10,5.2,Ufa
2023-04-11,3.4,Ufa
2023-04-12,6.1,Ufa
2023-04-13,7.9,Ufa
2023-04-14,1.1,Ufa
2023-04-15,-0.9,Ufa
2023-04-16,2.0,Ufa
2023-04-17,3.8,Ufa
2023-04-18,7.3,Ufa
2023-04-19,8.5,Ufa
2023-04-20,8.8,Ufa
2023-04-21,9.4,Ufa
2023-04-22,8.1,Ufa
2023-04-23,8.7,Ufa
2023-04-24,11.3,Ufa
2023-04-25,13.6,Ufa
2023-04-26,14.7,Ufa
2023-04-27,15.4,Ufa
2023-04-28,14.3,Ufa
2023-04-29,13.7,Ufa
2023-04-30,16.1,Ufa
2023-05-01,19.3,Ufa
2023-05-02,18.8,Ufa
2023-05-03,19.7,Ufa
2023-05-04,18.5,Ufa
2023-05-05,16.9,Ufa
2023-05-06,16.5,Ufa
2023-05-07,8.2,Ufa
2023-05-08,5.9,Ufa
2023-05-09,7.4,Ufa
2023-05-10,10.7,Ufa
2023-05-11,11.7,Ufa
2023-05-12,9.8,Ufa
2023-05-13,10.8,Ufa
2023-05-14,12.0,Ufa
2023-05-15,14.6,Ufa
2023-05-16,15.7,Ufa
2023-05-17,17.1,Ufa
2023-05-18,14.6,Ufa
2023-05-19,12.7,Ufa
2023-05-20,16.6,Ufa
2023-05-21,16.9,Ufa
2023-05-22,18.5,Ufa
2023-05-23,19.5,Ufa
2023-05-24,20.4,Ufa
2023-05-25,21.3,Ufa
2023-05-26,21.5,Ufa
2023-05-27,22.6,Ufa
2023-05-28,23.8,Ufa
2023-05-29,23.2,Ufa
2023-05-30,21.8,Ufa
2023-05-31,24.9,Ufa
2023-06-01,23.8,Ufa
2023-06-02,24.2,Ufa
2023-06-03,23.6,Ufa
2023-06-04,22.1,Ufa
2023-06-05,18.5,Ufa
2023-06-06,14.7,Ufa
2023-06-07,15.9,Ufa
2023-06-08,15.8,Ufa
2023-06-09,14.6,Ufa
2023-06-10,16.7,Ufa
2023-06-11,13.1,Ufa
2023-06-12,12.7,Ufa
2023-06-13,14.9,Ufa
2023-06-14,17.2,Ufa
2023-06-15,19.7,Ufa
2023-06-16,19.5,Ufa
2023-06-17,20.1,Ufa
2023-06-18,15.4,Ufa
2023-06-19,10.6,Ufa
2023-06-20,10.7,Ufa
2023-06-21,11.2,Ufa
2023-06-22,12.4,Ufa
2023-06-23,14.5,Ufa
2023-06-24,15.8,Ufa
2023-06-25,15.5,Ufa
2023-06-26,14.1,Ufa
2023-06-27,16.6,Ufa
2023-06-28,18.5,Ufa
2023-06-29,20.9,Ufa
2023-06-30,22.4,Ufa
2023-07-01,23.4,Ufa
2023-07-02,19.6,Ufa
2023-07-03,20.8,Ufa
2023-07-04,22.9,Ufa
2023-07-05,24.3,Ufa
2023-07-06,24.3,Ufa
2023-07-07,23.5,Ufa
2023-07-08,23.2,Ufa
2023-07-09,25.2,Ufa
2023-07-10,29.6,Ufa
2023-07-11,31.8,Ufa
2023-07-12,25.3,Ufa
2023-07-13,17.9,Ufa
2023-07-14,16.9,Ufa
2023-07-15,19.0,Ufa
2023-07-16,18.8,Ufa
2023-07-17,18.1,Ufa
2023-07-18,18.6,Ufa
2023-07-19,19.6,Ufa
2023-07-20,19.7,Ufa
2023-07-21,19.6,Ufa
2023-07-22,19.7,Ufa
2023-07-23,18.8,Ufa
2023-07-24,19.1,Ufa
2023-07-25,20.3,Ufa
2023-07-26,21.8,Ufa
2023-07-27,24.4,Ufa
2023-07-28,25.3,Ufa
2023-07-29,25.2,Ufa
2023-07-30,26.8,Ufa
2023-07-31,25.0,Ufa
2023-08-01,20.8,Ufa
2023-08-02,21.6,Ufa
2023-08-03,22.7,Ufa
2023-08-04,21.3,Ufa
2023-08-05,22.6,Ufa
2023-08-06,23.4,Ufa
2023-08-07,23.0,Ufa
2023-08-08,21.0,Ufa
2023-08-09,21.5,Ufa
2023-08-10,22.4,Ufa
2023-08-11,20.3,Ufa
2023-08-12,19.8,Ufa
2023-08-13,20.3,Ufa
2023-08-14,21.6,Ufa
2023-08-15,24.1,Ufa
2023-08-16,25.3,Ufa
2023-08-17,25.1,Ufa
2023-08-18,24.9,Ufa
2023-08-19,23.1,Ufa
2023-08-20,18.3,Ufa
2023-08-21,15.8,Ufa
2023-08-22,15.9,Ufa
2023-08-23,15.4,Ufa
2023-08-24,13.3,Ufa
2023-08-25,12.9,Ufa
2023-08-26,13.0,Ufa
2023-08-27,12.4,Ufa
2023-08-28,9.9,Ufa
2023-08-29,11.0,Ufa
2023-08-30,13.0,Ufa
2023-08-31,14.1,Ufa
2023-09-01,14.2,Ufa
2023-09-02,14.1,Ufa
2023-09-03,13.6,Ufa
2023-09-04,13.6,Ufa
2023-09-05,14.7,Ufa
2023-09-06,14.9,Ufa
2023-09-07,14.6,Ufa
2023-09-08,11.6,Ufa
2023-09-09,13.3,Ufa
2023-09-10,12.8,Ufa
2023-09-11,11.1,Ufa
2023-09-12,13.5,Ufa
2023-09-13,12.7,Ufa
2023-09-14,14.3,Ufa
2023-09-15,14.6,Ufa
2023-09-16,14.6,Ufa
2023-09-17,14.6,Ufa
2023-09-18,14.2,Ufa
2023-09-19,12.7,Ufa
2023-09-20,9.6,Ufa
2023-09-21,12.3,Ufa
2023-09-22,16.4,Ufa
2023-09-23,15.9,Ufa
2023-09-24,15.8,Ufa
2023-09-25,16.0,Ufa
2023-09-26,14.8,Ufa
2023-09-27,12.1,Ufa
2023-09-28,12.7,Ufa
2023-09-29,11.5,Ufa
2023-09-30,11.4,Ufa
2023-10-01,10.4,Ufa
2023-10-02,12.4,Ufa
2023-10-03,12.9,Ufa
2023-10-04,11.7,Ufa
2023-10-05,12.6,Ufa
2023-10-06,10.7,Ufa
2023-10-07,9.4,Ufa
2023-10-08,6.7,Ufa
2023-10-09,6.7,Ufa
2023-10-10,3.9,Ufa
2023-10-11,3.7,Ufa
2023-10-12,4.3,Ufa
2023-10-13,5.7,Ufa
2023-10-14,7.0,Ufa
2023-10-15,7.9,Ufa
2023-10-16,11.1,Ufa
2023-10-17,10.3,Ufa
2023-10-18,4.5,Ufa
2023-10-19,5.5,Ufa
2023-10-20,3.7,Ufa
2023-10-21,2.3,Ufa
2023-10-22,-0.2,Ufa
2023-10-23,1.0,Ufa
2023-10-24,5.5,Ufa
2023-10-25,-1.2,Ufa
2023-10-26,-2.3,Ufa
2023-10-27,-2.3,Ufa
2023-10-28,-0.7,Ufa
2023-10-29,3.5,Ufa
2023-10-30,0.8,Ufa
2023-10-31,0.5,Ufa
2023-11-01,2.3,Ufa
2023-11-02,8.1,Ufa
2023-11-03,8.4,Ufa
2023-11-04,1.0,Ufa
2023-11-05,-1.4,Ufa
2023-11-06,1.8,Ufa
2023-11-07,4.0,Ufa
2023-11-08,2.2,Ufa
2023-11-09,4.6,Ufa
2023-11-10,5.7,Ufa
2023-11-11,4.2,Ufa
2023-11-12,2.8,Ufa
2023-11-13,2.7,Ufa
2023-11-14,4.2,Ufa
2023-11-15,1.7,Ufa
2023-11-16,0.9,Ufa
2023-11-17,0.7,Ufa
2023-11-18,-4.9,Ufa
2023-11-19,-7.3,Ufa
2023-11-20,-5.9,Ufa
2023-11-21,-0.9,Ufa
2023-11-22,-0.3,Ufa
2023-11-23,-8.2,Ufa
2023-11-24,-10.9,Ufa
2023-11-25,-0.7,Ufa
2023-11-26,0.6,Ufa
2023-11-27,0.4,Ufa
2023-11-28,-0.3,Ufa
2023-11-29,-2.2,Ufa
2023-11-30,-7.5,Ufa
2023-12-01,-6.9,Ufa
2023-12-02,-1.3,Ufa
2023-12-03,-6.4,Ufa
2023-12-04,-2.7,Ufa
2023-12-05,-8.8,Ufa
2023-12-06,-14.9,Ufa
2023-12-07,-25.6,Ufa
2023-12-08,-30.2,Ufa
2023-12-09,-33.5,Ufa
2023-12-10,-31.8,Ufa
2023-12-11,-27.6,Ufa
2023-12-12,-28.0,Ufa
2023-12-13,-21.1,Ufa
2023-12-14,-15.5,Ufa
2023-12-15,-16.3,Ufa
2023-12-16,-13.6,Ufa
2023-12-17,-9.2,Ufa
2023-12-18,-7.8,Ufa
2023-12-19,-3.8,Ufa
2023-12-20,-2.3,Ufa
2023-12-21,1.7,Ufa
2023-12-22,0.2,Ufa
2023-12-23,-4.1,Ufa
2023-12-24,-2.9,Ufa
2023-12-25,-1.8,Ufa
2023-12-26,-4.0,Ufa
2023-12-27,-4.2,Ufa
2023-12-28,-4.8,Ufa
2023-12-29,-8.7,Ufa
2023-12-30,-10.1,Ufa
2023-12-31,-3.8,Ufa
2023-01-01,-6.2,Novosibirsk
2023-01-02,-10.1,Novosibirsk
2023-01-03,-8.6,Novosibirsk
2023-01-04,-4.3,Novosibirsk
2023-01-05,-4.6,Novosibirsk
2023-01-06,-10.0,Novosibirsk
2023-01-07,-10.9,Novosibirsk
2023-01-08,-2.1,Novosibirsk
2023-01-09,-13.5,Novosibirsk
2023-01-10,-28.9,Novosibirsk
2023-01-11,-31.6,Novosibirsk
2023-01-12,-27.6,Novosibirsk
2023-01-13,-15.5,Novosibirsk
2023-01-14,-13.0,Novosibirsk
2023-01-15,-9.7,Novosibirsk
2023-01-16,-10.2,Novosibirsk
2023-01-17,-8.0,Novosibirsk
2023-01-18,-9.9,Novosibirsk
2023-01-19,-12.4,Novosibirsk
2023-01-20,-10.8,Novosibirsk
2023-01-21,-27.9,Novosibirsk
2023-01-22,-28.6,Novosibirsk
2023-01-23,-12.4,Novosibirsk
2023-01-24,-8.1,Novosibirsk
2023-01-25,-9.4,Novosibirsk
2023-01-26,-8.3,Novosibirsk
2023-01-27,-9.6,Novosibirsk
2023-01-28,-8.2,Novosibirsk
2023-01-29,-10.2,Novosibirsk
2023-01-30,-8.4,Novosibirsk
2023-01-31,-10.8,Novosibirsk
2023-02-01,-18.8,Novosibirsk
2023-02-02,-22.3,Novosibirsk
2023-02-03,-18.8,Novosibirsk
2023-02-04,-17.8,Novosibirsk
2023-02-05,-15.5,Novosibirsk
2023-02-06,-16.6,Novosibirsk
2023-02-07,-11.4,Novosibirsk
2023-02-08,-16.1,Novosibirsk
2023-02-09,-20.7,Novosibirsk
2023-02-10,-25.2,Novosibirsk
2023-02-11,-24.4,Novosibirsk
2023-02-12,-17.4,Novosibirsk
2023-02-13,-12.9,Novosibirsk
2023-02-14,-20.7,Novosibirsk
2023-02-15,-22.0,Novosibirsk
2023-02-16,-19.0,Novosibirsk
2023-02-17,-19.0,Novosibirsk
2023-02-18,-16.3,Novosibirsk
2023-02-19,-8.5,Novosibirsk
2023-02-20,-10.7,Novosibirsk
2023-02-21,-6.3,Novosibirsk
2023-02-22,-2.7,Novosibirsk
2023-02-23,-1.0,Novosibirsk
2023-02-24,1.3,Novosibirsk
2023-02-25,-8.1,Novosibirsk
2023-02-26,-12.0,Novosibirsk
2023-02-27,-7.7,Novosibirsk
2023-02-28,-5.0,Novosibirsk
2023-03-01,-0.5,Novosibirsk
2023-03-02,1.7,Novosibirsk
2023-03-03,-1.3,Novosibirsk
2023-03-04,-6.8,Novosibirsk
2023-03-05,-5.3,Novosibirsk
2023-03-06,-5.2,Novosibirsk
2023-03-07,-1.6,Novosibirsk
2023-03-08,-0.4,Novosibirsk
2023-03-09,-8.1,Novosibirsk
2023-03-10,-4.7,Novosibirsk
2023-03-11,-0.9,Novosibirsk
2023-03-12,-0.6,Novosibirsk
2023-03-13,-6.6,Novosibirsk
2023-03-14,-6.6,Novosibirsk
2023-03-15,-3.4,Novosibirsk
2023-03-16,-2.6,Novosibirsk
2023-03-17,-3.2,Novosibirsk
2023-03-18,-3.4,Novosibirsk
2023-03-19,-5.0,Novosibirsk
2023-03-20,-13.0,Novosibirsk
2023-03-21,-9.5,Novosibirsk
2023-03-22,-9.6,Novosibirsk
2023-03-23,-5.3,Novosibirsk
2023-03-24,-1.3,Novosibirsk
2023-03-25,0.4,Novosibirsk
2023-03-26,2.9,Novosibirsk
2023-03-27,2.3,Novosibirsk
2023-03-28,2.8,Novosibirsk
2023-03-29,4.7,Novosibirsk
2023-03-30,-3.9,Novosibirsk
2023-03-31,-9.3,Novosibirsk
2023-04-01,-9.7,Novosibirsk
2023-04-02,-7.9,Novosibirsk
2023-04-03,-2.9,Novosibirsk
2023-04-04,1.2,Novosibirsk
2023-04-05,-1.6,Novosibirsk
2023-04-06,1.2,Novosibirsk
2023-04-07,-0.2,Novosibirsk
2023-04-08,-8.0,Novosibirsk
2023-04-09,-4.1,Novosibirsk
2023-04-10,0.1,Novosibirsk
2023-04-11,-1.0,Novosibirsk
2023-04-12,-2.4,Novosibirsk
2023-04-13,3.5,Novosibirsk
2023-04-14,-1.3,Novosibirsk
2023-04-15,-8.5,Novosibirsk
2023-04-16,-5.1,Novosibirsk
2023-04-17,-4.0,Novosibirsk
2023-04-18,-8.1,Novosibirsk
2023-04-19,-4.3,Novosibirsk
2023-04-20,1.2,Novosibirsk
2023-04-21,3.1,Novosibirsk
2023-04-22,3.0,Novosibirsk
2023-04-23,5.8,Novosibirsk
2023-04-24,9.2,Novosibirsk
2023-04-25,2.9,Novosibirsk
2023-04-26,6.1,Novosibirsk
2023-04-27,9.0,Novosibirsk
2023-04-28,16.9,Novosibirsk
2023-04-29,8.4,Novosibirsk
2023-04-30,2.1,Novosibirsk
2023-05-01,1.1,Novosibirsk
2023-05-02,1.9,Novosibirsk
2023-05-03,5.5,Novosibirsk
2023-05-04,8.5,Novosibirsk
2023-05-05,12.6,Novosibirsk
2023-05-06,15.0,Novosibirsk
2023-05-07,16.5,Novosibirsk
2023-05-08,18.5,Novosibirsk
2023-05-09,13.7,Novosibirsk
2023-05-10,8.3,Novosibirsk
2023-05-11,8.4,Novosibirsk
2023-05-12,7.8,Novosibirsk
2023-05-13,5.9,Novosibirsk
2023-05-14,7.9,Novosibirsk
2023-05-15,10.4,Novosibirsk
2023-05-16,11.1,Novosibirsk
2023-05-17,6.5,Novosibirsk
2023-05-18,6.7,Novosibirsk
2023-05-19,10.8,Novosibirsk
2023-05-20,14.7,Novosibirsk
2023-05-21,15.7,Novosibirsk
2023-05-22,17.5,Novosibirsk
2023-05-23,15.9,Novosibirsk
2023-05-24,14.7,Novosibirsk
2023-05-25,12.2,Novosibirsk
2023-05-26,10.4,Novosibirsk
2023-05-27,11.7,Novosibirsk
2023-05-28,14.8,Novosibirsk
2023-05-29,13.5,Novosibirsk
2023-05-30,16.4,Novosibirsk
2023-05-31,18.7,Novosibirsk
2023-06-01,19.3,Novosibirsk
2023-06-02,21.2,Novosibirsk
2023-06-03,23.5,Novosibirsk
2023-06-04,25.4,Novosibirsk
2023-06-05,26.3,Novosibirsk
2023-06-06,27.3,Novosibirsk
2023-06-07,27.3,Novosibirsk
2023-06-08,26.8,Novosibirsk
2023-06-09,22.8,Novosibirsk
2023-06-10,15.1,Novosibirsk
2023-06-11,16.2,Novosibirsk
2023-06-12,17.1,Novosibirsk
2023-06-13,14.5,Novosibirsk
2023-06-14,14.0,Novosibirsk
2023-06-15,17.5,Novosibirsk
2023-06-16,19.0,Novosibirsk
2023-06-17,19.8,Novosibirsk
2023-06-18,18.3,Novosibirsk
2023-06-19,19.0,Novosibirsk
2023-06-20,22.5,Novosibirsk
2023-06-21,16.6,Novosibirsk
2023-06-22,15.3,Novosibirsk
2023-06-23,13.5,Novosibirsk
2023-06-24,14.4,Novosibirsk
2023-06-25,15.3,Novosibirsk
2023-06-26,17.2,Novosibirsk
2023-06-27,17.3,Novosibirsk
2023-06-28,17.2,Novosibirsk
2023-06-29,16.1,Novosibirsk
2023-06-30,17.1,Novosibirsk
2023-07-01,16.5,Novosibirsk
2023-07-02,18.4,Novosibirsk
2023-07-03,20.4,Novosibirsk
2023-07-04,20.7,Novosibirsk
2023-07-05,22.2,Novosibirsk
2023-07-06,24.1,Novosibirsk
2023-07-07,24.1,Novosibirsk
2023-07-08,22.0,Novosibirsk
2023-07-09,20.5,Novosibirsk
2023-07-10,20.0,Novosibirsk
2023-07-11,23.3,Novosibirsk
2023-07-12,26.3,Novosibirsk
2023-07-13,26.7,Novosibirsk
2023-07-14,27.0,Novosibirsk
2023-07-15,25.6,Novosibirsk
2023-07-16,20.3,Novosibirsk
2023-07-17,19.2,Novosibirsk
2023-07-18,20.5,Novosibirsk
2023-07-19,23.1,Novosibirsk
2023-07-20,21.3,Novosibirsk
2023-07-21,22.1,Novosibirsk
2023-07-22,22.2,Novosibirsk
2023-07-23,20.0,Novosibirsk
2023-07-24,21.8,Novosibirsk
2023-07-25,22.4,Novosibirsk
2023-07-26,22.1,Novosibirsk
2023-07-27,22.5,Novosibirsk
2023-07-28,22.2,Novosibirsk
2023-07-29,21.8,Novosibirsk
2023-07-30,19.8,Novosibirsk
2023-07-31,20.9,Novosibirsk
2023-08-01,21.9,Novosibirsk
2023-08-02,23.7,Novosibirsk
2023-08-03,24.4,Novosibirsk
2023-08-04,22.5,Novosibirsk
2023-08-05,23.7,Novosibirsk
2023-08-06,19.4,Novosibirsk
2023-08-07,19.0,Novosibirsk
2023-08-08,20.2,Novosibirsk
2023-08-09,20.5,Novosibirsk
2023-08-10,20.5,Novosibirsk
2023-08-11,16.9,Novosibirsk
2023-08-12,14.6,Novosibirsk
2023-08-13,13.3,Novosibirsk
2023-08-14,12.5,Novosibirsk
2023-08-15,14.3,Novosibirsk
2023-08-16,13.9,Novosibirsk
2023-08-17,15.8,Novosibirsk
2023-08-18,15.5,Novosibirsk
2023-08-19,16.3,Novosibirsk
2023-08-20,18.3,Novosibirsk
2023-08-21,15.9,Novosibirsk
2023-08-22,16.5,Novosibirsk
2023-08-23,19.8,Novosibirsk
2023-08-24,22.2,Novosibirsk
2023-08-25,20.4,Novosibirsk
2023-08-26,15.2,Novosibirsk
2023-08-27,16.3,Novosibirsk
2023-08-28,18.5,Novosibirsk
2023-08-29,18.2,Novosibirsk
2023-08-30,17.9,Novosibirsk
2023-08-31,19.8,Novosibirsk
2023-09-01,17.2,Novosibirsk
2023-09-02,16.8,Novosibirsk
2023-09-03,16.9,Novosibirsk
2023-09-04,16.4,Novosibirsk
2023-09-05,13.9,Novosibirsk
2023-09-06,12.9,Novosibirsk
2023-09-07,11.2,Novosibirsk
2023-09-08,11.9,Novosibirsk
2023-09-09,12.3,Novosibirsk
2023-09-10,13.5,Novosibirsk
2023-09-11,12.5,Novosibirsk
2023-09-12,10.1,Novosibirsk
2023-09-13,12.1,Novosibirsk
2023-09-14,14.1,Novosibirsk
2023-09-15,14.6,Novosibirsk
2023-09-16,15.1,Novosibirsk
2023-09-17,14.6,Novosibirsk
2023-09-18,15.4,Novosibirsk
2023-09-19,14.5,Novosibirsk
2023-09-20,14.0,Novosibirsk
2023-09-21,14.4,Novosibirsk
2023-09-22,13.8,Novosibirsk
2023-09-23,9.6,Novosibirsk
2023-09-24,5.8,Novosibirsk
2023-09-25,5.4,Novosibirsk
2023-09-26,5.0,Novosibirsk
2023-09-27,7.7,Novosibirsk
2023-09-28,8.4,Novosibirsk
2023-09-29,9.6,Novosibirsk
2023-09-30,9.0,Novosibirsk
2023-10-01,3.3,Novosibirsk
2023-10-02,4.3,Novosibirsk
2023-10-03,6.7,Novosibirsk
2023-10-04,7.7,Novosibirsk
2023-10-05,9.1,Novosibirsk
2023-10-06,10.9,Novosibirsk
2023-10-07,10.8,Novosibirsk
2023-10-08,10.0,Novosibirsk
2023-10-09,12.2,Novosibirsk
2023-10-10,14.5,Novosibirsk
2023-10-11,14.4,Novosibirsk
2023-10-12,7.3,Novosibirsk
2023-10-13,6.8,Novosibirsk
2023-10-14,7.3,Novosibirsk
2023-10-15,6.4,Novosibirsk
2023-10-16,5.9,Novosibirsk
2023-10-17,10.2,Novosibirsk
2023-10-18,9.4,Novosibirsk
2023-10-19,8.9,Novosibirsk
2023-10-20,4.8,Novosibirsk
2023-10-21,5.7,Novosibirsk
2023-10-22,4.3,Novosibirsk
2023-10-23,3.7,Novosibirsk
2023-10-24,0.6,Novosibirsk
2023-10-25,4.8,Novosibirsk
2023-10-26,8.7,Novosibirsk
2023-10-27,-2.3,Novosibirsk
2023-10-28,-3.5,Novosibirsk
2023-10-29,-3.9,Novosibirsk
2023-10-30,-4.6,Novosibirsk
2023-10-31,-4.1,Novosibirsk
2023-11-01,-6.9,Novosibirsk
2023-11-02,-4.4,Novosibirsk
2023-11-03,-9.3,Novosibirsk
2023-11-04,-6.5,Novosibirsk
2023-11-05,-2.8,Novosibirsk
2023-11-06,-4.6,Novosibirsk
2023-11-07,-1.9,Novosibirsk
2023-11-08,-1.2,Novosibirsk
2023-11-09,-3.2,Novosibirsk
2023-11-10,-1.6,Novosibirsk
2023-11-11,1.8,Novosibirsk
2023-11-12,1.9,Novosibirsk
2023-11-13,2.2,Novosibirsk
2023-11-14,0.9,Novosibirsk
2023-11-15,2.8,Novosibirsk
2023-11-16,3.7,Novosibirsk
2023-11-17,2.8,Novosibirsk
2023-11-18,4.0,Novosibirsk
2023-11-19,0.8,Novosibirsk
2023-11-20,-7.6,Novosibirsk
2023-11-21,-9.5,Novosibirsk
2023-11-22,-10.4,Novosibirsk
2023-11-23,-5.1,Novosibirsk
2023-11-24,-0.8,Novosibirsk
2023-11-25,-2.2,Novosibirsk
2023-11-26,-3.2,Novosibirsk
2023-11-27,-2.6,Novosibirsk
2023-11-28,-6.7,Novosibirsk
2023-11-29,-6.9,Novosibirsk
2023-11-30,-2.3,Novosibirsk
2023-12-01,-0.3,Novosibirsk
2023-12-02,-2.9,Novosibirsk
2023-12-03,-0.1,Novosibirsk
2023-12-04,-10.3,Novosibirsk
2023-12-05,-11.9,Novosibirsk
2023-12-06,-8.0,Novosibirsk
2023-12-07,-26.5,Novosibirsk
2023-12-08,-37.6,Novosibirsk
2023-12-09,-33.8,Novosibirsk
2023-12-10,-28.5,Novosibirsk
2023-12-11,-30.1,Novosibirsk
2023-12-12,-31.4,Novosibirsk
2023-12-13,-33.5,Novosibirsk
2023-12-14,-20.4,Novosibirsk
2023-12-15,-23.3,Novosibirsk
2023-12-16,-18.4,Novosibirsk
2023-12-17,-27.4,Novosibirsk
2023-12-18,-26.0,Novosibirsk
2023-12-19,-16.9,Novosibirsk
2023-12-20,-6.9,Novosibirsk
2023-12-21,-6.0,Novosibirsk
2023-12-22,-1.0,Novosibirsk
2023-12-23,-0.3,Novosibirsk
2023-12-24,-2.7,Novosibirsk
2023-12-25,-6.5,Novosibirsk
2023-12-26,-1.6,Novosibirsk
2023-12-27,-4.9,Novosibirsk
2023-12-28,-1.2,Novosibirsk
2023-12-29,-1.0,Novosibirsk
2023-12-30,-4.0,Novosibirsk
2023-12-31,-5.8,Novosibirsk
2023-01-01,-9.1,Vladivostok
2023-01-02,-12.6,Vladivostok
2023-01-03,-11.2,Vladivostok
2023-01-04,-10.9,Vladivostok
2023-01-05,-9.8,Vladivostok
2023-01-06,-9.1,Vladivostok
2023-01-07,-12.0,Vladivostok
2023-01-08,-9.8,Vladivostok
2023-01-09,-6.2,Vladivostok
2023-01-10,-8.2,Vladivostok
2023-01-11,-3.9,Vladivostok
2023-01-12,-2.2,Vladivostok
2023-01-13,-0.0,Vladivostok
2023-01-14,-13.4,Vladivostok
2023-01-15,-18.6,Vladivostok
2023-01-16,-16.1,Vladivostok
2023-01-17,-11.0,Vladivostok
2023-01-18,-9.8,Vladivostok
2023-01-19,-3.8,Vladivostok
2023-01-20,-11.1,Vladivostok
2023-01-21,-16.9,Vladivostok
2023-01-22,-17.5,Vladivostok
2023-01-23,-20.0,Vladivostok
2023-01-24,-23.1,Vladivostok
2023-01-25,-18.1,Vladivostok
2023-01-26,-16.0,Vladivostok
2023-01-27,-18.0,Vladivostok
2023-01-28,-16.6,Vladivostok
2023-01-29,-14.8,Vladivostok
2023-01-30,-13.5,Vladivostok
2023-01-31,-9.1,Vladivostok
2023-02-01,-8.7,Vladivostok
2023-02-02,-9.3,Vladivostok
2023-02-03,-10.5,Vladivostok
2023-02-04,-7.9,Vladivostok
2023-02-05,-5.3,Vladivostok
2023-02-06,-7.0,Vladivostok
2023-02-07,-8.4,Vladivostok
2023-02-08,-6.9,Vladivostok
2023-02-09,-8.4,Vladivostok
2023-02-10,-4.0,Vladivostok
2023-02-11,-2.1,Vladivostok
2023-02-12,-2.5,Vladivostok
2023-02-13,-7.5,Vladivostok
2023-02-14,-9.8,Vladivostok
2023-02-15,-12.6,Vladivostok
2023-02-16,-8.5,Vladivostok
2023-02-17,-1.7,Vladivostok
2023-02-18,-2.5,Vladivostok
2023-02-19,-5.7,Vladivostok
2023-02-20,-7.0,Vladivostok
2023-02-21,-7.1,Vladivostok
2023-02-22,-5.4,Vladivostok
2023-02-23,-2.5,Vladivostok
2023-02-24,-4.4,Vladivostok
2023-02-25,-6.1,Vladivostok
2023-02-26,-2.9,Vladivostok
2023-02-27,-0.2,Vladivostok
2023-02-28,3.3,Vladivostok
2023-03-01,-0.3,Vladivostok
2023-03-02,-2.3,Vladivostok
2023-03-03,0.4,Vladivostok
2023-03-04,-1.7,Vladivostok
2023-03-05,0.4,Vladivostok
2023-03-06,1.1,Vladivostok
2023-03-07,2.0,Vladivostok
2023-03-08,2.8,Vladivostok
2023-03-09,0.5,Vladivostok
2023-03-10,0.8,Vladivostok
2023-03-11,1.3,Vladivostok
2023-03-12,-1.4,Vladivostok
2023-03-13,-4.0,Vladivostok
2023-03-14,-2.5,Vladivostok
2023-03-15,2.1,Vladivostok
2023-03-16,-1.4,Vladivostok
2023-03-17,-2.0,Vladivostok
2023-03-18,-1.2,Vladivostok
2023-03-19,0.1,Vladivostok
2023-03-20,0.9,Vladivostok
2023-03-21,1.9,Vladivostok
2023-03-22,2.0,Vladivostok
2023-03-23,5.2,Vladivostok
2023-03-24,0.7,Vladivostok
2023-03-25,0.3,Vladivostok
2023-03-26,0.5,Vladivostok
2023-03-27,1.0,Vladivostok
2023-03-28,2.1,Vladivostok
2023-03-29,0.9,Vladivostok
2023-03-30,3.1,Vladivostok
2023-03-31,6.5,Vladivostok
2023-04-01,4.9,Vladivostok
2023-04-02,3.7,Vladivostok
2023-04-03,3.7,Vladivostok
2023-04-04,7.5,Vladivostok
2023-04-05,5.8,Vladivostok
2023-04-06,6.4,Vladivostok
2023-04-07,5.4,Vladivostok
2023-04-08,2.4,Vladivostok
2023-04-09,3.5,Vladivostok
2023-04-10,5.7,Vladivostok
2023-04-11,6.4,Vladivostok
2023-04-12,4.7,Vladivostok
2023-04-13,4.7,Vladivostok
2023-04-14,6.1,Vladivostok
2023-04-15,5.0,Vladivostok
2023-04-16,5.0,Vladivostok
2023-04-17,5.9,Vladivostok
2023-04-18,4.5,Vladivostok
2023-04-19,6.0,Vladivostok
2023-04-20,9.5,Vladivostok
2023-04-21,8.1,Vladivostok
2023-04-22,7.4,Vladivostok
2023-04-23,6.9,Vladivostok
2023-04-24,7.0,Vladivostok
2023-04-25,6.0,Vladivostok
2023-04-26,6.2,Vladivostok
2023-04-27,6.2,Vladivostok
2023-04-28,8.7,Vladivostok
2023-04-29,6.8,Vladivostok
2023-04-30,8.4,Vladivostok
2023-05-01,8.5,Vladivostok
2023-05-02,8.0,Vladivostok
2023-05-03,9.1,Vladivostok
2023-05-04,11.5,Vladivostok
2023-05-05,10.7,Vladivostok
2023-05-06,11.1,Vladivostok
2023-05-07,9.6,Vladivostok
2023-05-08,9.3,Vladivostok
2023-05-09,11.8,Vladivostok
2023-05-10,10.7,Vladivostok
2023-05-11,10.1,Vladivostok
2023-05-12,9.7,Vladivostok
2023-05-13,10.2,Vladivostok
2023-05-14,10.0,Vladivostok
2023-05-15,9.1,Vladivostok
2023-05-16,10.8,Vladivostok
2023-05-17,13.4,Vladivostok
2023-05-18,13.6,Vladivostok
2023-05-19,11.7,Vladivostok
2023-05-20,9.7,Vladivostok
2023-05-21,13.2,Vladivostok
2023-05-22,14.2,Vladivostok
2023-05-23,12.2,Vladivostok
2023-05-24,11.1,Vladivostok
2023-05-25,13.0,Vladivostok
2023-05-26,12.3,Vladivostok
2023-05-27,12.5,Vladivostok
2023-05-28,14.5,Vladivostok
2023-05-29,16.6,Vladivostok
2023-05-30,14.8,Vladivostok
2023-05-31,15.1,Vladivostok
2023-06-01,15.0,Vladivostok
2023-06-02,15.1,Vladivostok
2023-06-03,16.0,Vladivostok
2023-06-04,14.7,Vladivostok
2023-06-05,16.8,Vladivostok
2023-06-06,15.9,Vladivostok
2023-06-07,16.1,Vladivostok
2023-06-08,16.1,Vladivostok
2023-06-09,15.3,Vladivostok
2023-06-10,14.9,Vladivostok
2023-06-11,15.4,Vladivostok
2023-06-12,15.8,Vladivostok
2023-06-13,15.9,Vladivostok
2023-06-14,14.6,Vladivostok
2023-06-15,15.2,Vladivostok
2023-06-16,16.2,Vladivostok
2023-06-17,20.2,Vladivostok
2023-06-18,20.4,Vladivostok
2023-06-19,18.8,Vladivostok
2023-06-20,18.1,Vladivostok
2023-06-21,17.4,Vladivostok
2023-06-22,17.6,Vladivostok
2023-06-23,18.4,Vladivostok
2023-06-24,17.2,Vladivostok
2023-06-25,17.5,Vladivostok
2023-06-26,17.9,Vladivostok
2023-06-27,18.8,Vladivostok
2023-06-28,19.4,Vladivostok
2023-06-29,18.4,Vladivostok
2023-06-30,18.3,Vladivostok
2023-07-01,17.6,Vladivostok
2023-07-02,20.4,Vladivostok
2023-07-03,18.7,Vladivostok
2023-07-04,19.7,Vladivostok
2023-07-05,18.8,Vladivostok
2023-07-06,20.1,Vladivostok
2023-07-07,19.5,Vladivostok
2023-07-08,19.0,Vladivostok
2023-07-09,19.4,Vladivostok
2023-07-10,19.9,Vladivostok
2023-07-11,21.5,Vladivostok
2023-07-12,22.6,Vladivostok
2023-07-13,22.4,Vladivostok
2023-07-14,19.4,Vladivostok
2023-07-15,20.0,Vladivostok
2023-07-16,19.9,Vladivostok
2023-07-17,20.0,Vladivostok
2023-07-18,20.6,Vladivostok
2023-07-19,20.9,Vladivostok
2023-07-20,20.9,Vladivostok
2023-07-21,20.5,Vladivostok
2023-07-22,21.2,Vladivostok
2023-07-23,21.3,Vladivostok
2023-07-24,22.5,Vladivostok
2023-07-25,21.8,Vladivostok
2023-07-26,21.7,Vladivostok
2023-07-27,23.8,Vladivostok
2023-07-28,24.1,Vladivostok
2023-07-29,25.5,Vladivostok
2023-07-30,25.8,Vladivostok
2023-07-31,25.9,Vladivostok
2023-08-01,25.3,Vladivostok
2023-08-02,25.7,Vladivostok
2023-08-03,25.5,Vladivostok
2023-08-04,24.6,Vladivostok
2023-08-05,22.1,Vladivostok
2023-08-06,21.4,Vladivostok
2023-08-07,21.0,Vladivostok
2023-08-08,21.2,Vladivostok
2023-08-09,22.3,Vladivostok
2023-08-10,21.8,Vladivostok
2023-08-11,22.9,Vladivostok
2023-08-12,22.7,Vladivostok
2023-08-13,20.8,Vladivostok
2023-08-14,21.1,Vladivostok
2023-08-15,22.3,Vladivostok
2023-08-16,23.0,Vladivostok
2023-08-17,24.3,Vladivostok
2023-08-18,22.7,Vladivostok
2023-08-19,23.6,Vladivostok
2023-08-20,23.1,Vladivostok
2023-08-21,22.9,Vladivostok
2023-08-22,24.0,Vladivostok
2023-08-23,23.2,Vladivostok
2023-08-24,24.1,Vladivostok
2023-08-25,21.1,Vladivostok
2023-08-26,21.5,Vladivostok
2023-08-27,22.4,Vladivostok
2023-08-28,21.4,Vladivostok
2023-08-29,19.6,Vladivostok
2023-08-30,22.0,Vladivostok
2023-08-31,21.7,Vladivostok
2023-09-01,21.0,Vladivostok
2023-09-02,21.0,Vladivostok
2023-09-03,21.1,Vladivostok
2023-09-04,21.5,Vladivostok
2023-09-05,21.3,Vladivostok
2023-09-06,20.0,Vladivostok
2023-09-07,20.0,Vladivostok
2023-09-08,20.4,Vladivostok
2023-09-09,21.6,Vladivostok
2023-09-10,20.1,Vladivostok
2023-09-11,20.5,Vladivostok
2023-09-12,20.9,Vladivostok
2023-09-13,17.7,Vladivostok
2023-09-14,18.2,Vladivostok
2023-09-15,19.0,Vladivostok
2023-09-16,20.5,Vladivostok
2023-09-17,18.3,Vladivostok
2023-09-18,19.2,Vladivostok
2023-09-19,20.6,Vladivostok
2023-09-20,15.2,Vladivostok
2023-09-21,14.7,Vladivostok
2023-09-22,17.5,Vladivostok
2023-09-23,15.3,Vladivostok
2023-09-24,16.0,Vladivostok
2023-09-25,17.9,Vladivostok
2023-09-26,18.9,Vladivostok
2023-09-27,18.6,Vladivostok
2023-09-28,19.1,Vladivostok
2023-09-29,17.6,Vladivostok
2023-09-30,17.9,Vladivostok
2023-10-01,14.5,Vladivostok
2023-10-02,14.8,Vladivostok
2023-10-03,15.0,Vladivostok
2023-10-04,17.2,Vladivostok
2023-10-05,12.2,Vladivostok
2023-10-06,12.8,Vladivostok
2023-10-07,12.0,Vladivostok
2023-10-08,12.1,Vladivostok
2023-10-09,14.5,Vladivostok
2023-10-10,12.9,Vladivostok
2023-10-11,11.6,Vladivostok
2023-10-12,12.8,Vladivostok
2023-10-13,14.9,Vladivostok
2023-10-14,13.9,Vladivostok
2023-10-15,14.3,Vladivostok
2023-10-16,10.7,Vladivostok
2023-10-17,9.5,Vladivostok
2023-10-18,12.8,Vladivostok
2023-10-19,11.5,Vladivostok
2023-10-20,7.4,Vladivostok
2023-10-21,4.6,Vladivostok
2023-10-22,7.8,Vladivostok
2023-10-23,7.9,Vladivostok
2023-10-24,9.8,Vladivostok
2023-10-25,10.8,Vladivostok
2023-10-26,11.0,Vladivostok
2023-10-27,6.8,Vladivostok
2023-10-28,6.0,Vladivostok
2023-10-29,6.2,Vladivostok
2023-10-30,10.2,Vladivostok
2023-10-31,10.6,Vladivostok
2023-11-01,8.2,Vladivostok
2023-11-02,6.4,Vladivostok
2023-11-03,7.5,Vladivostok
2023-11-04,0.6,Vladivostok
2023-11-05,5.2,Vladivostok
2023-11-06,4.8,Vladivostok
2023-11-07,0.5,Vladivostok
2023-11-08,-0.1,Vladivostok
2023-11-09,4.8,Vladivostok
2023-11-10,-1.4,Vladivostok
2023-11-11,-3.9,Vladivostok
2023-11-12,-5.0,Vladivostok
2023-11-13,-2.1,Vladivostok
2023-11-14,-1.2,Vladivostok
2023-11-15,1.6,Vladivostok
2023-11-16,5.2,Vladivostok
2023-11-17,1.3,Vladivostok
2023-11-18,0.1,Vladivostok
2023-11-19,-0.6,Vladivostok
2023-11-20,0.9,Vladivostok
2023-11-21,5.6,Vladivostok
2023-11-22,3.3,Vladivostok
2023-11-23,1.9,Vladivostok
2023-11-24,-7.1,Vladivostok
2023-11-25,-7.3,Vladivostok
2023-11-26,-4.0,Vladivostok
2023-11-27,-3.8,Vladivostok
2023-11-28,-7.0,Vladivostok
2023-11-29,-8.3,Vladivostok
2023-11-30,-9.3,Vladivostok
2023-12-01,-7.0,Vladivostok
2023-12-02,-5.2,Vladivostok
2023-12-03,-3.9,Vladivostok
2023-12-04,1.6,Vladivostok
2023-12-05,0.8,Vladivostok
2023-12-06,3.3,Vladivostok
2023-12-07,-1.9,Vladivostok
2023-12-08,-0.3,Vladivostok
2023-12-09,-0.7,Vladivostok
2023-12-10,-8.9,Vladivostok
2023-12-11,-12.0,Vladivostok
2023-12-12,-11.9,Vladivostok
2023-12-13,-11.7,Vladivostok
2023-12-14,-12.0,Vladivostok
2023-12-15,-14.0,Vladivostok
2023-12-16,-15.4,Vladivostok
2023-12-17,-15.2,Vladivostok
2023-12-18,-14.9,Vladivostok
2023-12-19,-15.0,Vladivostok
2023-12-20,-17.6,Vladivostok
2023-12-21,-18.3,Vladivostok
2023-12-22,-16.4,Vladivostok
2023-12-23,-12.9,Vladivostok
2023-12-24,-9.8,Vladivostok
2023-12-25,-8.1,Vladivostok
2023-12-26,-4.5,Vladivostok
2023-12-27,-8.9,Vladivostok
2023-12-28,-5.6,Vladivostok
2023-12-29,-5.2,Vladivostok
2023-12-30,-4.7,Vladivostok
2023-12-31,-10.7,Vladivostok
